busname,street,city,state,zip
TACO BELL,3029 W 8TH ST,LOS ANGELES,CA,90005
TACO BELL,2718 S FIGUEROA ST,LOS ANGELES,CA,90007
TACO BELL,3629 S VERMONT AVE,LOS ANGELES,CA,90007
TACO BELL,4050 MARLTON AVE,LOS ANGELES,CA,90008
TACO BELL,1201 SANTEE ST,LOS ANGELES,CA,90015
TACO BELL,2800 CRENSHAW BLVD,LOS ANGELES,CA,90016
TACO BELL,3562 S LA CIENEGA BLVD,LOS ANGELES,CA,90016
TACO BELL,1604 S LA BREA AVE,LOS ANGELES,CA,90019
TACO BELL,5406 WHITTIER BLVD,LOS ANGELES,CA,90022
TACO BELL,10937 WEYBURN AVE,LOS ANGELES,CA,90024
TACO BELL,990 N WESTERN AVE,LOS ANGELES,CA,90029
TACO BELL,2628 S ROBERTSON BLVD,LOS ANGELES,CA,90034
TACO BELL,6254 LEXINGTON AVE,LOS ANGELES,CA,90038
TACO BELL,6242 LEXINGTON AVE,LOS ANGELES,CA,90038
TACO BELL,2460 S ATLANTIC BLVD,COMMERCE,CA,90040
TACO BELL,1734 COLORADO BLVD,LOS ANGELES,CA,90041
TACO BELL,6060 N FIGUEROA ST,LOS ANGELES,CA,90042
TACO BELL,6000 CRENSHAW BLVD,LOS ANGELES,CA,90043
TACO BELL,5801 S VERMONT AVE,LOS ANGELES,CA,90044
TACO BELL,5307 W CENTURY BLVD,LOS ANGELES,CA,90045
TACO BELL,2046 W MANCHESTER AVE,LOS ANGELES,CA,90047
TACO BELL,1408 W CENTURY BLVD,LOS ANGELES,CA,90047
TACO BELL,8440 BEVERLY BLVD,LOS ANGELES,CA,90048
TACO BELL,103 S RAMPART BLVD,LOS ANGELES,CA,90057
TACO BELL,11758 WILMINGTON AVE,LOS ANGELES,CA,90059
TACO BELL,12800 S FIGUEROA ST,LOS ANGELES,CA,90061
TACO BELL,1401 W MARTIN LUTHER KING JR,LOS ANGELES,CA,90062
TACO BELL,12105 W PICO BLVD,LOS ANGELES,CA,90064
TACO BELL,12011 VENICE BLVD,LOS ANGELES,CA,90066
TACO BELL,7500 ATLANTIC AVE,CUDAHY,CA,90201
TACO BELL,1914 W ROSECRANS AVE,COMPTON,CA,90220
TACO BELL,241 E COMPTON BLVD,COMPTON,CA,90220
TACO BELL,4416 SEPULVEDA BLVD,CULVER CITY,CA,90230
TACO BELL,7127 FIRESTONE BLVD,DOWNEY,CA,90241
TACO BELL,11905 PARAMOUNT BLVD,DOWNEY,CA,90242
TACO BELL,1301 W ARTESIA BLVD,GARDENA,CA,90248
TACO BELL,14308 S WESTERN AVE,GARDENA,CA,90249
TACO BELL,4305 W EL SEGUNDO BLVD,HAWTHORNE,CA,90250
TACO BELL,2543 E SLAUSON AVE,HUNTINGTON PARK,CA,90255
TACO BELL,14327 PRAIRIE AVE,LAWNDALE,CA,90260
TACO BELL,16901 HAWTHORNE BLVD,LAWNDALE,CA,90260
TACO BELL,11001 ATLANTIC AVE,LYNWOOD,CA,90262
TACO BELL,11255 LONG BEACH BLVD,LYNWOOD,CA,90262
TACO BELL,301 N SEPULVEDA BLVD,MANHATTAN BEACH,CA,90266
TACO BELL,5 PENINSULA CTR,ROLLING HLS ESTS,CA,90274
TACO BELL,2201 ARTESIA BLVD,REDONDO BEACH,CA,90278
TACO BELL,4000 W CENTURY BLVD,INGLEWOOD,CA,90304
TACO BELL,1624 SANTA MONICA BLVD,SANTA MONICA,CA,90404
TACO BELL,2207 LINCOLN BLVD,SANTA MONICA,CA,90405
TACO BELL,1354 W 190TH ST,TORRANCE,CA,90501
TACO BELL,921 SEPULVEDA BLVD,TORRANCE,CA,90502
TACO BELL,16414 CRENSHAW BLVD,TORRANCE,CA,90504
TACO BELL,2840 SEPULVEDA BLVD,TORRANCE,CA,90505
TACO BELL,5125 PACIFIC COAST HWY,TORRANCE,CA,90505
TACO BELL,13008 WHITTIER BLVD,WHITTIER,CA,90602
TACO BELL,10722 WHITTIER BLVD,WHITTIER,CA,90606
TACO BELL,10010 VALLEY VIEW ST,BUENA PARK,CA,90620
TACO BELL,7878 VALLEY VIEW ST,BUENA PARK,CA,90620
TACO BELL,6001 BEACH BLVD,BUENA PARK,CA,90621
TACO BELL,5502 LINCOLN AVE,CYPRESS,CA,90630
TACO BELL,6827 KATELLA AVE,CYPRESS,CA,90630
TACO BELL,1181 S BEACH BLVD,LA HABRA,CA,90631
TACO BELL,1300 W WHITTIER BLVD,LA HABRA,CA,90631
TACO BELL,241 S HARBOR BLVD,LA HABRA,CA,90631
TACO BELL,14950 LEFFINGWELL RD,LA MIRADA,CA,90638
TACO BELL,15006 LA MIRADA BLVD,LA MIRADA,CA,90638
TACO BELL,1485 N MONTEBELLO BLVD,MONTEBELLO,CA,90640
TACO BELL,13410 ROSECRANS AVE,NORWALK,CA,90650
TACO BELL,11110 ALONDRA BLVD,NORWALK,CA,90650
TACO BELL,11005 IMPERIAL HWY,NORWALK,CA,90650
TACO BELL,14301 PIONEER BLVD,NORWALK,CA,90650
TACO BELL,12503 ALONDRA BLVD,NORWALK,CA,90650
TACO BELL,9180 WHITTIER BLVD,PICO RIVERA,CA,90660
TACO BELL,11570 TELEGRAPH RD,SANTA FE SPRINGS,CA,90670
TACO BELL,10551 CARMENITA RD,SANTA FE SPRINGS,CA,90670
TACO BELL,10360 BEACH BLVD,STANTON,CA,90680
TACO BELL,12156 SOUTH ST,ARTESIA,CA,90701
TACO BELL,13313 ARTESIA BLVD,CERRITOS,CA,90703
TACO BELL,10300 ALONDRA BLVD,BELLFLOWER,CA,90706
TACO BELL,2430 CARSON ST,LAKEWOOD,CA,90712
TACO BELL,5467 DEL AMO BLVD,LAKEWOOD,CA,90712
TACO BELL,5850 DEL AMO BLVD,LAKEWOOD,CA,90713
TACO BELL,11900 CARSON ST,HAWAIIAN GARDENS,CA,90716
TACO BELL,2054 LOMITA BLVD,LOMITA,CA,90717
TACO BELL,14625 LAKEWOOD BLVD,PARAMOUNT,CA,90723
TACO BELL,1031 S GAFFEY ST,SAN PEDRO,CA,90731
TACO BELL,204 N GAFFEY ST,SAN PEDRO,CA,90731
TACO BELL,640 PACIFIC COAST HWY,SEAL BEACH,CA,90740
TACO BELL,22235 MAIN ST,CARSON,CA,90745
TACO BELL,1000 E VICTORIA ST,CARSON,CA,90747
TACO BELL,3125 E BROADWAY,LONG BEACH,CA,90803
TACO BELL,2500 E PACIFIC COAST HWY,LONG BEACH,CA,90804
TACO BELL,6730 CHERRY AVE,LONG BEACH,CA,90805
TACO BELL,2545 LONG BEACH BLVD,LONG BEACH,CA,90806
TACO BELL,3398 N NORWALK BLVD,LONG BEACH,CA,90808
TACO BELL,1822 SANTA FE AVE,LONG BEACH,CA,90810
TACO BELL,228 E 7TH ST,LONG BEACH,CA,90813
TACO BELL,6407 E STEARNS ST,LONG BEACH,CA,90815
TACO BELL,2151 FOOTHILL BLVD,LA CANADA FLTRDG,CA,91011
TACO BELL,733 E HUNTINGTON DR,MONROVIA,CA,91016
TACO BELL,140 W HUNTINGTON DR,MONROVIA,CA,91016
TACO BELL,7856 FOOTHILL BLVD,SUNLAND,CA,91040
TACO BELL,1953 E COLORADO BLVD,PASADENA,CA,91107
TACO BELL,333 S ROSEMEAD BLVD,PASADENA,CA,91107
TACO BELL,1850 W GLENOAKS BLVD,GLENDALE,CA,91201
TACO BELL,932 S CENTRAL AVE,GLENDALE,CA,91204
TACO BELL,1113 E COLORADO ST,GLENDALE,CA,91205
TACO BELL,5589 KANAN RD,AGOURA HILLS,CA,91301
TACO BELL,4955 LAS VIRGENES RD,CALABASAS,CA,91302
TACO BELL,6921 TOPANGA CANYON BLVD,CANOGA PARK,CA,91303
TACO BELL,8220 DE SOTO AVE,CANOGA PARK,CA,91304
TACO BELL,6633 FALLBROOK AVE,WEST HILLS,CA,91307
TACO BELL,7545 FALLBROOK AVE,WEST HILLS,CA,91307
TACO BELL,21120 DEVONSHIRE ST,CHATSWORTH,CA,91311
TACO BELL,791 N WENDY DR,NEWBURY PARK,CA,91320
TACO BELL,9825 BALBOA BLVD,NORTHRIDGE,CA,91325
TACO BELL,18100 PARTHENIA ST,NORTHRIDGE,CA,91325
TACO BELL,12786 VAN NUYS BLVD,PACOIMA,CA,91331
TACO BELL,6733 RESEDA BLVD,RESEDA,CA,91335
TACO BELL,14511 CHATSWORTH DR,SAN FERNANDO,CA,91340
TACO BELL,1968 GLENOAKS BLVD,SAN FERNANDO,CA,91340
TACO BELL,12910 FOOTHILL BLVD,SYLMAR,CA,91342
TACO BELL,11101 WOODLEY AVE,GRANADA HILLS,CA,91344
TACO BELL,26231 BOUQUET CANYON RD,SANTA CLARITA,CA,91350
TACO BELL,18941 SOLEDAD CANYON RD,CANYON COUNTRY,CA,91351
TACO BELL,18450 VENTURA BLVD,TARZANA,CA,91356
TACO BELL,1330 N MOORPARK RD,THOUSAND OAKS,CA,91360
TACO BELL,2900 TOWNSGATE RD # 113,WESTLAKE VILLAGE,CA,91361
TACO BELL,1928 E AVENIDA DE LOS ARBOLES,THOUSAND OAKS,CA,91362
TACO BELL,25 S RANCHO RD,THOUSAND OAKS,CA,91362
TACO BELL,23275 MULHOLLAND DR,WOODLAND HILLS,CA,91364
TACO BELL,6303 PLATT AVE,WOODLAND HILLS,CA,91367
TACO BELL,24812 PICO CANYON RD,STEVENSON RANCH,CA,91381
TACO BELL,13641 SHERMAN WAY,VAN NUYS,CA,91405
TACO BELL,8256 ORION AVE,VAN NUYS,CA,91406
TACO BELL,15651 SHERMAN WAY,VAN NUYS,CA,91406
TACO BELL,14115 VENTURA BLVD,SHERMAN OAKS,CA,91423
TACO BELL,1115 N SAN FERNANDO BLVD,BURBANK,CA,91504
TACO BELL,3827 W OLIVE AVE,BURBANK,CA,91505
TACO BELL,4301 W MAGNOLIA BLVD,BURBANK,CA,91505
TACO BELL,2425 W MAGNOLIA BLVD,BURBANK,CA,91506
TACO BELL,11694 MAGNOLIA BLVD,NORTH HOLLYWOOD,CA,91601
TACO BELL,5958 LANKERSHIM BLVD,NORTH HOLLYWOOD,CA,91601
TACO BELL,12900 VANOWEN ST,NORTH HOLLYWOOD,CA,91605
TACO BELL,8250 LAUREL CANYON BLVD,NORTH HOLLYWOOD,CA,91605
TACO BELL,1000 UNIVERSAL STUDIOS BLVD,UNIVERSAL CITY,CA,91608
TACO BELL,6579 MILLIKEN AVE,ALTA LOMA,CA,91701
TACO BELL,1150 W FOOTHILL BLVD,AZUSA,CA,91702
TACO BELL,800 E ALOSTA AVE,AZUSA,CA,91702
TACO BELL,3120 BALDWIN PARK BLVD,BALDWIN PARK,CA,91706
TACO BELL,4200 CHINO HILLS PKWY # 115,CHINO HILLS,CA,91709
TACO BELL,12382 CENTRAL AVE,CHINO,CA,91710
TACO BELL,768 W ARROW HWY,COVINA,CA,91722
TACO BELL,301 N CITRUS AVE,COVINA,CA,91723
TACO BELL,9709 BASELINE RD,RANCHO CUCAMONGA,CA,91730
TACO BELL,9383 FOOTHILL BLVD,RANCHO CUCAMONGA,CA,91730
TACO BELL,3858 PECK RD,EL MONTE,CA,91732
TACO BELL,11007 GARVEY AVE,EL MONTE,CA,91733
TACO BELL,12789 FOOTHILL BLVD,ETIWANDA,CA,91739
TACO BELL,105 W ARROW HWY,GLENDORA,CA,91740
TACO BELL,116 E ROUTE 66,GLENDORA,CA,91740
TACO BELL,1737 N HACIENDA BLVD,LA PUENTE,CA,91744
TACO BELL,2136 S HACIENDA BLVD,HACIENDA HEIGHTS,CA,91745
TACO BELL,17184 COLIMA RD,HACIENDA HEIGHTS,CA,91745
TACO BELL,12486 LIMONITE AVE,MIRA LOMA,CA,91752
TACO BELL,1214 AVENIDA CESAR CHAVEZ,MONTEREY PARK,CA,91754
TACO BELL,2544 S ARCHIBALD AVE,ONTARIO,CA,91761
TACO BELL,2201 S MOUNTAIN AVE,ONTARIO,CA,91762
TACO BELL,8720 CENTRAL AVE,MONTCLAIR,CA,91763
TACO BELL,1885 E 4TH ST,ONTARIO,CA,91764
TACO BELL,218 S DIAMOND BAR BLVD,DIAMOND BAR,CA,91765
TACO BELL,2204 N GAREY AVE,POMONA,CA,91767
TACO BELL,690 INDIAN HILL BLVD,POMONA,CA,91767
TACO BELL,9403 VALLEY BLVD,ROSEMEAD,CA,91770
TACO BELL,705 W ARROW HWY,SAN DIMAS,CA,91773
TACO BELL,1518 S SAN GABRIEL BLVD,SAN GABRIEL,CA,91776
TACO BELL,989 W FOOTHILL BLVD,UPLAND,CA,91786
TACO BELL,864 NOGALES AVE,WALNUT,CA,91789
TACO BELL,1410 S AZUSA AVE,WEST COVINA,CA,91791
TACO BELL,241 E VALLEY BLVD,ALHAMBRA,CA,91801
TACO BELL,2588 W COMMONWEALTH AVE,ALHAMBRA,CA,91803
TACO BELL,696 E ST,CHULA VISTA,CA,91910
TACO BELL,340 E H ST,CHULA VISTA,CA,91910
TACO BELL,1548 E H ST,CHULA VISTA,CA,91913
TACO BELL,7232 BROADWAY,LEMON GROVE,CA,91945
TACO BELL,1737 SWEETWATER RD,NATIONAL CITY,CA,91950
TACO BELL,6017 PASEO DEL NORTE,CARLSBAD,CA,92011
TACO BELL,2506 JAMACHA RD,EL CAJON,CA,92019
TACO BELL,1561 N MAGNOLIA AVE,EL CAJON,CA,92020
TACO BELL,2827 NAVAJO RD,EL CAJON,CA,92020
TACO BELL,13418 CAMINO CANADA,EL CAJON,CA,92021
TACO BELL,335 N 2ND ST,EL CAJON,CA,92021
TACO BELL,1502 ENCINITAS BLVD,ENCINITAS,CA,92024
TACO BELL,627 N ESCONDIDO BLVD,ESCONDIDO,CA,92025
TACO BELL,1944 E VALLEY PKWY,ESCONDIDO,CA,92027
TACO BELL,1131 S MISSION RD,FALLBROOK,CA,92028
TACO BELL,12265 WOODSIDE AVE,LAKESIDE,CA,92040
TACO BELL,1940 OCEANSIDE BLVD,OCEANSIDE,CA,92054
TACO BELL,3845 PLAZA DR,OCEANSIDE,CA,92056
TACO BELL,4100 OCEANSIDE BLVD,OCEANSIDE,CA,92056
TACO BELL,3521 CANNON RD,OCEANSIDE,CA,92056
TACO BELL,695 COLLEGE BLVD,OCEANSIDE,CA,92057
TACO BELL,3895 MISSION AVE,OCEANSIDE,CA,92058
TACO BELL,13112 POWAY RD,POWAY,CA,92064
TACO BELL,120 N RANCHO SANTA FE RD,SAN MARCOS,CA,92069
TACO BELL,704 CENTER DR,SAN MARCOS,CA,92069
TACO BELL,9825 MISSION GORGE RD,SANTEE,CA,92071
TACO BELL,3271 BUSINESS PARK DR,VISTA,CA,92081
TACO BELL,910 E VISTA WAY,VISTA,CA,92084
TACO BELL,415 HORTON PLZ,SAN DIEGO,CA,92101
TACO BELL,2626 EL CAJON BLVD,SAN DIEGO,CA,92104
TACO BELL,2011 CAMINO DEL ESTE,SAN DIEGO,CA,92108
TACO BELL,4401 MISSION BLVD,SAN DIEGO,CA,92109
TACO BELL,4380 KEARNY MESA RD # A,SAN DIEGO,CA,92111
TACO BELL,6104 UNIVERSITY AVE,SAN DIEGO,CA,92115
TACO BELL,4290 CLAIREMONT MESA BLVD,SAN DIEGO,CA,92117
TACO BELL,5230 BALBOA AVE,SAN DIEGO,CA,92117
TACO BELL,100 B AVE,CORONADO,CA,92118
TACO BELL,9821 AERO DR,SAN DIEGO,CA,92123
TACO BELL,5335 OVERLAND AVE,SAN DIEGO,CA,92123
TACO BELL,8389 MIRA MESA BLVD,SAN DIEGO,CA,92126
TACO BELL,11601 DUENDA RD,SAN DIEGO,CA,92127
TACO BELL,11688 CARMEL MOUNTAIN RD,SAN DIEGO,CA,92128
TACO BELL,3144 CARMEL VALLEY RD,SAN DIEGO,CA,92130
TACO BELL,42750 JACKSON ST # B,INDIO,CA,92203
TACO BELL,46155 DILLON RD,COACHELLA,CA,92236
TACO BELL,1990 N IMPERIAL AVE,EL CENTRO,CA,92243
TACO BELL,350 WAKE AVE,EL CENTRO,CA,92243
TACO BELL,78932 HIGHWAY 111,LA QUINTA,CA,92253
TACO BELL,1717 E VISTA CHINO,PALM SPRINGS,CA,92262
TACO BELL,1531 MARINE CORPS BLDG,TWENTYNINE PALMS,CA,92277
TACO BELL,57622 29 PALMS HWY,YUCCA VALLEY,CA,92284
TACO BELL,20185 US HIGHWAY 18,APPLE VALLEY,CA,92307
TACO BELL,12218 APPLE VALLEY RD # 201,APPLE VALLEY,CA,92308
TACO BELL,72083 BAKER BLVD,BAKER,CA,92309
TACO BELL,21 GIKDSTIBE RD,FORT IRWIN,CA,92310
TACO BELL,1507 E MAIN ST,BARSTOW,CA,92311
TACO BELL,41170 BIG BEAR BLVD,BIG BEAR LAKE,CA,92315
TACO BELL,18772 VALLEY BLVD,BLOOMINGTON,CA,92316
TACO BELL,1190 CALIMESA BLVD,CALIMESA,CA,92320
TACO BELL,16863 VALLEY BLVD,FONTANA,CA,92335
TACO BELL,17111 FOOTHILL BLVD,FONTANA,CA,92335
TACO BELL,15140 SUMMIT AVE,FONTANA,CA,92336
TACO BELL,17170 MAIN ST,HESPERIA,CA,92345
TACO BELL,14071 MAIN ST,HESPERIA,CA,92345
TACO BELL,2525 HIGHLAND AVE,HIGHLAND,CA,92346
TACO BELL,2603 COLUMBUS ST,NEEDLES,CA,92363
TACO BELL,1225 W COLTON AVE,REDLANDS,CA,92374
TACO BELL,240 W BASE LINE RD,RIALTO,CA,92376
TACO BELL,15357 PALMDALE RD,VICTORVILLE,CA,92392
TACO BELL,14400 BEAR VALLEY RD # 739,VICTORVILLE,CA,92392
TACO BELL,17250 BEAR VALLEY RD,VICTORVILLE,CA,92395
TACO BELL,34077 YUCAIPA BLVD,YUCAIPA,CA,92399
TACO BELL,295 W HIGHLAND AVE,SAN BERNARDINO,CA,92405
TACO BELL,1990 OSTREMS WAY,SAN BERNARDINO,CA,92407
TACO BELL,258 E REDLANDS BLVD,SAN BERNARDINO,CA,92408
TACO BELL,797 W 2ND ST,SAN BERNARDINO,CA,92410
TACO BELL,5587 ARLINGTON AVE,RIVERSIDE,CA,92504
TACO BELL,1426 UNIVERSITY AVE,RIVERSIDE,CA,92507
TACO BELL,1420 UNIVERSITY AVE,RIVERSIDE,CA,92507
TACO BELL,181 E ALESSANDRO BLVD,RIVERSIDE,CA,92508
TACO BELL,6970 MISSION BLVD,RIVERSIDE,CA,92509
TACO BELL,7940 LIMONITE AVE,RIVERSIDE,CA,92509
TACO BELL,31712 MISSION TRL,LAKE ELSINORE,CA,92530
TACO BELL,43466 STATE HIGHWAY 74,HEMET,CA,92544
TACO BELL,3317 W FLORIDA AVE,HEMET,CA,92545
TACO BELL,23010 SUNNYMEAD BLVD,MORENO VALLEY,CA,92553
TACO BELL,24936 ELDER AVE,MORENO VALLEY,CA,92557
TACO BELL,39557 LOS ALAMOS RD,MURRIETA,CA,92563
TACO BELL,39056 WINCHESTER RD,MURRIETA,CA,92563
TACO BELL,2560 N PERRIS BLVD # A,PERRIS,CA,92571
TACO BELL,785 N RAMONA BLVD,SAN JACINTO,CA,92583
TACO BELL,41005 WINCHESTER RD,TEMECULA,CA,92591
TACO BELL,31677 TEMECULA PKWY,TEMECULA,CA,92592
TACO BELL,2222 BARRANCA PKWY,IRVINE,CA,92606
TACO BELL,26656 PORTOLA PKWY,FOOTHILL RANCH,CA,92610
TACO BELL,4101 CAMPUS DR,IRVINE,CA,92612
TACO BELL,2900 FAIRVIEW RD,COSTA MESA,CA,92626
TACO BELL,3083 HARBOR BLVD,COSTA MESA,CA,92626
TACO BELL,34117 PACIFIC COAST HWY,DANA POINT,CA,92629
TACO BELL,23651 ROCKFIELD BLVD,LAKE FOREST,CA,92630
TACO BELL,19051 MAGNOLIA ST,HUNTINGTON BEACH,CA,92646
TACO BELL,17182 BEACH BLVD,HUNTINGTON BEACH,CA,92647
TACO BELL,7480 EDINGER AVE,HUNTINGTON BEACH,CA,92647
TACO BELL,19002 BEACH BLVD,HUNTINGTON BEACH,CA,92648
TACO BELL,16431 BOLSA CHICA ST,HUNTINGTON BEACH,CA,92649
TACO BELL,699 S COAST HWY,LAGUNA BEACH,CA,92651
TACO BELL,26521 ALISO CREEK RD,ALISO VIEJO,CA,92656
TACO BELL,401 NEWPORT CENTER DR # A107,NEWPORT BEACH,CA,92660
TACO BELL,4101 JAMBOREE RD,NEWPORT BEACH,CA,92660
TACO BELL,1400 W COAST HWY,NEWPORT BEACH,CA,92663
TACO BELL,918 S EL CAMINO REAL,SAN CLEMENTE,CA,92672
TACO BELL,959 AVENIDA PICO,SAN CLEMENTE,CA,92673
TACO BELL,31771 DEL OBISPO ST,SAN JUAN CPSTRNO,CA,92675
TACO BELL,30022 CROWN VALLEY PKWY,LAGUNA NIGUEL,CA,92677
TACO BELL,27371 LA PAZ RD,LAGUNA NIGUEL,CA,92677
TACO BELL,7192 WESTMINSTER BLVD,WESTMINSTER,CA,92683
TACO BELL,9061 EDINGER AVE,WESTMINSTER,CA,92683
TACO BELL,31491 SANTA MARGARITA PKWY,RANCHO STA MARG,CA,92688
TACO BELL,28532 OSO PKWY,RANCHO STA MARG,CA,92688
TACO BELL,27770 SANTA MARGARITA PKWY,MISSION VIEJO,CA,92691
TACO BELL,26631 TRABUCO RD,MISSION VIEJO,CA,92691
TACO BELL,26171 LA PAZ RD,MISSION VIEJO,CA,92691
TACO BELL,411 E 1ST ST,SANTA ANA,CA,92701
TACO BELL,1229 E 17TH ST,SANTA ANA,CA,92701
TACO BELL,16252 S HARBOR BLVD,SANTA ANA,CA,92704
TACO BELL,2910 S BRISTOL ST,SANTA ANA,CA,92704
TACO BELL,2720 W EDINGER AVE,SANTA ANA,CA,92704
TACO BELL,2500 N MAIN ST,SANTA ANA,CA,92705
TACO BELL,2246 S GRAND AVE,SANTA ANA,CA,92705
TACO BELL,1810 N BRISTOL ST,SANTA ANA,CA,92706
TACO BELL,11291 TALBERT AVE,FOUNTAIN VALLEY,CA,92708
TACO BELL,9480 TALBERT AVE,FOUNTAIN VALLEY,CA,92708
TACO BELL,9925 WARNER AVE,FOUNTAIN VALLEY,CA,92708
TACO BELL,14042 RED HILL AVE,TUSTIN,CA,92780
TACO BELL,14232 NEWPORT AVE,TUSTIN,CA,92780
TACO BELL,17502 17TH ST,TUSTIN,CA,92780
TACO BELL,3010 EL CAMINO REAL,TUSTIN,CA,92782
TACO BELL,810 N EUCLID ST,ANAHEIM,CA,92801
TACO BELL,1600 W KATELLA AVE,ANAHEIM,CA,92802
TACO BELL,2144 S HARBOR BLVD,ANAHEIM,CA,92802
TACO BELL,324 S BROOKHURST ST,ANAHEIM,CA,92804
TACO BELL,8972 KATELLA AVE,ANAHEIM,CA,92804
TACO BELL,1212 S HARBOR BLVD,ANAHEIM,CA,92805
TACO BELL,130 N STATE COLLEGE BLVD,ANAHEIM,CA,92806
TACO BELL,1075 N TUSTIN AVE,ANAHEIM,CA,92807
TACO BELL,5626 E SANTA ANA CANYON RD,ANAHEIM,CA,92807
TACO BELL,1065 BREA MALL,BREA,CA,92821
TACO BELL,303 W IMPERIAL HWY,BREA,CA,92821
TACO BELL,3000 YORBA LINDA BLVD,FULLERTON,CA,92831
TACO BELL,301 E COMMONWEALTH AVE,FULLERTON,CA,92832
TACO BELL,131 E ORANGETHORPE AVE,FULLERTON,CA,92832
TACO BELL,2750 W ORANGETHORPE AVE,FULLERTON,CA,92833
TACO BELL,13291 HARBOR BLVD,GARDEN GROVE,CA,92843
TACO BELL,8511 WESTMINSTER AVE,GARDEN GROVE,CA,92844
TACO BELL,8042 GARDEN GROVE BLVD,GARDEN GROVE,CA,92844
TACO BELL,1140 HAMNER AVE,NORCO,CA,92860
TACO BELL,2233 N TUSTIN ST # A,ORANGE,CA,92865
TACO BELL,490 N TUSTIN ST,ORANGE,CA,92867
TACO BELL,4035 W CHAPMAN AVE,ORANGE,CA,92868
TACO BELL,468 S MAIN ST,ORANGE,CA,92868
TACO BELL,8548 E CHAPMAN AVE,ORANGE,CA,92869
TACO BELL,1174 E YORBA LINDA BLVD,PLACENTIA,CA,92870
TACO BELL,2193 SAMPSON AVE,CORONA,CA,92879
TACO BELL,4718 GREEN RIVER RD,CORONA,CA,92880
TACO BELL,1134 W 6TH ST,CORONA,CA,92882
TACO BELL,220 W ONTARIO AVE,CORONA,CA,92882
TACO BELL,22300 OLD CANAL RD,YORBA LINDA,CA,92887
TACO BELL,2250 E MAIN ST,VENTURA,CA,93001
TACO BELL,2800 JOHNSON DR,VENTURA,CA,93003
TACO BELL,7880 TELEGRAPH RD,VENTURA,CA,93004
TACO BELL,1505 FLYNN RD,CAMARILLO,CA,93012
TACO BELL,1045 CASITAS PASS RD,CARPINTERIA,CA,93013
TACO BELL,800 W VENTURA ST,FILLMORE,CA,93015
TACO BELL,125 W LOS ANGELES AVE,MOORPARK,CA,93021
TACO BELL,11850 OLD GRADE RD,OJAI,CA,93023
TACO BELL,900 N VENTURA RD,OXNARD,CA,93030
TACO BELL,201 W CHANNEL ISLANDS BLVD,OXNARD,CA,93033
TACO BELL,1941 N ROSE AVE # 700,OXNARD,CA,93036
TACO BELL,559 W CHANNEL ISLANDS BLVD,PORT HUENEME,CA,93041
TACO BELL,535 W HARVARD BLVD,SANTA PAULA,CA,93060
TACO BELL,2360 TAPO ST,SIMI VALLEY,CA,93063
TACO BELL,131 COCHRAN ST,SIMI VALLEY,CA,93065
TACO BELL,1438 E LOS ANGELES AVE,SIMI VALLEY,CA,93065
TACO BELL,821 N MILPAS ST,SANTA BARBARA,CA,93103
TACO BELL,3771 STATE ST,SANTA BARBARA,CA,93105
TACO BELL,1840 CLIFF DR,SANTA BARBARA,CA,93109
TACO BELL,140 N FAIRVIEW AVE,GOLETA,CA,93117
TACO BELL,5980 HOLLISTER AVE,GOLETA,CA,93117
TACO BELL,451 E ELM AVE,COALINGA,CA,93210
TACO BELL,2021 WHITLEY AVE,CORCORAN,CA,93212
TACO BELL,1940 CECIL AVE,DELANO,CA,93215
TACO BELL,1107 W VISALIA RD,EXETER,CA,93221
TACO BELL,1796 W LACEY BLVD,HANFORD,CA,93230
TACO BELL,1718 N 11TH AVE,HANFORD,CA,93230
TACO BELL,27494 DANA CIR,KETTLEMAN CITY,CA,93239
TACO BELL,1059 N LEMOORE AVE,LEMOORE,CA,93245
TACO BELL,202 N HIGHWAY 65,LINDSAY,CA,93247
TACO BELL,440 W OLIVE AVE,PORTERVILLE,CA,93257
TACO BELL,1220 W HENDERSON AVE,PORTERVILLE,CA,93257
TACO BELL,1520 HILLMAN ST,TULARE,CA,93274
TACO BELL,510 E TULARE AVE,TULARE,CA,93274
TACO BELL,1018 S MOONEY BLVD,VISALIA,CA,93277
TACO BELL,3727 S MOONEY BLVD,VISALIA,CA,93277
TACO BELL,2415 HIGHWAY 46,WASCO,CA,93280
TACO BELL,2421 N DINUBA BLVD,VISALIA,CA,93291
TACO BELL,1377 E NOBLE AVE,VISALIA,CA,93292
TACO BELL,2300 H ST,BAKERSFIELD,CA,93301
TACO BELL,3200 CALIFORNIA AVE,BAKERSFIELD,CA,93304
TACO BELL,1877 WHITE LN,BAKERSFIELD,CA,93304
TACO BELL,6119 NILES ST,BAKERSFIELD,CA,93306
TACO BELL,139 S OSWELL ST,BAKERSFIELD,CA,93307
TACO BELL,3300 BUENA VISTA BLVD,BAKERSFIELD,CA,93307
TACO BELL,3799 ROSEDALE HWY,BAKERSFIELD,CA,93308
TACO BELL,2433 N CHESTER AVE,BAKERSFIELD,CA,93308
TACO BELL,7880 WHITE LN,BAKERSFIELD,CA,93309
TACO BELL,9640 HAGEMAN RD,BAKERSFIELD,CA,93312
TACO BELL,3810 BROAD ST # 1,SAN LUIS OBISPO,CA,93401
TACO BELL,7385 EL CAMINO REAL,ATASCADERO,CA,93422
TACO BELL,1500 W GRAND AVE,GROVER BEACH,CA,93433
TACO BELL,1700 MAIN ST,MORRO BAY,CA,93442
TACO BELL,1107 24TH ST,PASO ROBLES,CA,93446
TACO BELL,867 OAK PARK BLVD,PISMO BEACH,CA,93449
TACO BELL,1919 S BROADWAY,SANTA MARIA,CA,93454
TACO BELL,1106 E CLARK AVE,SANTA MARIA,CA,93455
TACO BELL,43720 15TH ST W,LANCASTER,CA,93534
TACO BELL,1740 E AVENUE J,LANCASTER,CA,93535
TACO BELL,2561 E AVENUE S,PALMDALE,CA,93550
TACO BELL,102 W PALMDALE BLVD,PALMDALE,CA,93551
TACO BELL,1233 W RANCHO VISTA BLVD # 825,PALMDALE,CA,93551
TACO BELL,37910 47TH ST E,PALMDALE,CA,93552
TACO BELL,1240 N CHINA LAKE BLVD,RIDGECREST,CA,93555
TACO BELL,2547 W ROSAMOND BLVD,ROSAMOND,CA,93560
TACO BELL,1098 W VALLEY BLVD,TEHACHAPI,CA,93561
TACO BELL,1105 E ROBERTSON BLVD,CHOWCHILLA,CA,93610
TACO BELL,1097 N WILLOW AVE,CLOVIS,CA,93611
TACO BELL,2131 SHAW AVE,CLOVIS,CA,93611
TACO BELL,290 W ASHLAN AVE,CLOVIS,CA,93612
TACO BELL,830 HERNDON AVE,CLOVIS,CA,93612
TACO BELL,434 W SHAW AVE,CLOVIS,CA,93612
TACO BELL,725 N ALTA AVE,DINUBA,CA,93618
TACO BELL,46365 W PANOCHE RD,FIREBAUGH,CA,93622
TACO BELL,500 SIERRA ST,KINGSBURG,CA,93631
TACO BELL,1571 W PACHECO BLVD,LOS BANOS,CA,93635
TACO BELL,1236 E PACHECO BLVD,LOS BANOS,CA,93635
TACO BELL,1420 HOWARD RD,MADERA,CA,93637
TACO BELL,2350 W CLEVELAND AVE,MADERA,CA,93637
TACO BELL,40020 HIGHWAY 49,OAKHURST,CA,93644
TACO BELL,1686 E MANNING AVE,REEDLEY,CA,93654
TACO BELL,2883 HIGHLAND AVE,SELMA,CA,93662
TACO BELL,1612 N BLACKSTONE AVE,FRESNO,CA,93703
TACO BELL,5145 N CEDAR AVE,FRESNO,CA,93710
TACO BELL,5610 N BLACKSTONE AVE,FRESNO,CA,93710
TACO BELL,2040 W SHAW AVE,FRESNO,CA,93711
TACO BELL,7785 N 1ST ST,FRESNO,CA,93720
TACO BELL,4015 W CLINTON AVE,FRESNO,CA,93722
TACO BELL,6745 N GOLDEN STATE BLVD,FRESNO,CA,93722
TACO BELL,4972 E KINGS CANYON RD,FRESNO,CA,93727
TACO BELL,1365 W OLIVE AVE,FRESNO,CA,93728
TACO BELL,6 MAPLE ST,SALINAS,CA,93901
TACO BELL,1597 N SANBORN RD,SALINAS,CA,93905
TACO BELL,664 E ALISAL ST,SALINAS,CA,93905
TACO BELL,1345 N MAIN ST,SALINAS,CA,93906
TACO BELL,244 RESERVATION RD,MARINA,CA,93933
TACO BELL,321 ALVARADO ST,MONTEREY,CA,93940
TACO BELL,1185 FRONT ST,SOLEDAD,CA,93960
TACO BELL,2815 GENEVA AVE,DALY CITY,CA,94014
TACO BELL,7255 MISSION ST,DALY CITY,CA,94014
TACO BELL,287 WESTMOOR AVE,DALY CITY,CA,94015
TACO BELL,1 SERRAMONTE CTR,DALY CITY,CA,94015
TACO BELL,146 SAN MATEO RD,HALF MOON BAY,CA,94019
TACO BELL,210 EL CAMINO REAL,MILLBRAE,CA,94030
TACO BELL,950 W EL CAMINO REAL,MOUNTAIN VIEW,CA,94040
TACO BELL,975 N SHORELINE BLVD,MOUNTAIN VIEW,CA,94043
TACO BELL,2693 EL CAMINO REAL,REDWOOD CITY,CA,94061
TACO BELL,1103 VETERANS BLVD,REDWOOD CITY,CA,94063
TACO BELL,851 CHERRY AVE # 2,SAN BRUNO,CA,94066
TACO BELL,259 EL CAMINO REAL,SAN CARLOS,CA,94070
TACO BELL,465 EL CAMINO REAL,S SAN FRANCISCO,CA,94080
TACO BELL,199 AIRPORT BLVD,S SAN FRANCISCO,CA,94080
TACO BELL,811 KIFER RD,SUNNYVALE,CA,94086
TACO BELL,1695 HOLLENBECK AVE,SUNNYVALE,CA,94087
TACO BELL,991 W EL CAMINO REAL,SUNNYVALE,CA,94087
TACO BELL,1109 TASMAN DR,SUNNYVALE,CA,94089
TACO BELL,200 DUBOCE AVE,SAN FRANCISCO,CA,94103
TACO BELL,7 DRUMM ST,SAN FRANCISCO,CA,94111
TACO BELL,4285 MISSION ST,SAN FRANCISCO,CA,94112
TACO BELL,1150 TARAVAL ST,SAN FRANCISCO,CA,94116
TACO BELL,4150 GEARY BLVD,SAN FRANCISCO,CA,94118
TACO BELL,1900 IRVING ST,SAN FRANCISCO,CA,94122
TACO BELL,2101 LOMBARD ST,SAN FRANCISCO,CA,94123
TACO BELL,1610 JERROLD AVE,SAN FRANCISCO,CA,94124
TACO BELL,2040 OCEAN AVE,SAN FRANCISCO,CA,94127
TACO BELL,910 E CHARLESTON RD,PALO ALTO,CA,94303
TACO BELL,500 E 4TH AVE,SAN MATEO,CA,94401
TACO BELL,1975 S EL CAMINO REAL,SAN MATEO,CA,94403
TACO BELL,1131 TRITON DR,FOSTER CITY,CA,94404
TACO BELL,1900 WEBSTER ST,ALAMEDA,CA,94501
TACO BELL,2651 BLANDING AVE # E,ALAMEDA,CA,94501
TACO BELL,3160 DANVILLE BLVD # B,ALAMO,CA,94507
TACO BELL,5000 E 2ND ST,BENICIA,CA,94510
TACO BELL,700 MILITARY W,BENICIA,CA,94510
TACO BELL,7814 BRENTWOOD BLVD,BRENTWOOD,CA,94513
TACO BELL,1698 MONUMENT BLVD,CONCORD,CA,94520
TACO BELL,1221 CONCORD AVE,CONCORD,CA,94520
TACO BELL,4674 CLAYTON RD,CONCORD,CA,94521
TACO BELL,1700 CONTRA COSTA BLVD,PLEASANT HILL,CA,94523
TACO BELL,500 CONTRA COSTA BLVD,PLEASANT HILL,CA,94523
TACO BELL,420 DIABLO RD,DANVILLE,CA,94526
TACO BELL,11965 SAN PABLO AVE,EL CERRITO,CA,94530
TACO BELL,3445 DEER VALLEY RD,ANTIOCH,CA,94531
TACO BELL,2334 N TEXAS ST,FAIRFIELD,CA,94533
TACO BELL,3070 TRAVIS BLVD,FAIRFIELD,CA,94534
TACO BELL,4709 MANGELS BLVD,FAIRFIELD,CA,94534
TACO BELL,4401 CENTRAL PL,FAIRFIELD,CA,94534
TACO BELL,37236 FREMONT BLVD,FREMONT,CA,94536
TACO BELL,40660 GRIMMER BLVD,FREMONT,CA,94538
TACO BELL,39080 ARGONAUT WAY,FREMONT,CA,94538
TACO BELL,46690 MISSION BLVD,FREMONT,CA,94539
TACO BELL,21600 FOOTHILL BLVD,HAYWARD,CA,94541
TACO BELL,215 W JACKSON ST,HAYWARD,CA,94544
TACO BELL,27316 HESPERIAN BLVD,HAYWARD,CA,94545
TACO BELL,20925 REDWOOD RD,CASTRO VALLEY,CA,94546
TACO BELL,1541 SYCAMORE AVE,HERCULES,CA,94547
TACO BELL,985 E STANLEY BLVD,LIVERMORE,CA,94550
TACO BELL,6005 PRESTON AVE,LIVERMORE,CA,94551
TACO BELL,11 MUIR RD,MARTINEZ,CA,94553
TACO BELL,410 MORAGA RD,MORAGA,CA,94556
TACO BELL,3177 JEFFERSON ST,NAPA,CA,94558
TACO BELL,155 SOSCOL AVE,NAPA,CA,94559
TACO BELL,39199 CEDAR BLVD,NEWARK,CA,94560
TACO BELL,5855 JARVIS AVE,NEWARK,CA,94560
TACO BELL,5684 THORNTON AVE,NEWARK,CA,94560
TACO BELL,1561 FITZGERALD DR,PINOLE,CA,94564
TACO BELL,2111 LOVERIDGE RD,PITTSBURG,CA,94565
TACO BELL,4470 CENTURY BLVD,PITTSBURG,CA,94565
TACO BELL,5400 SUNOL BLVD # 3,PLEASANTON,CA,94566
TACO BELL,7123 VILLAGE PKWY,DUBLIN,CA,94568
TACO BELL,1005 STATE HIGHWAY 12,RIO VISTA,CA,94571
TACO BELL,2160 MARINA BLVD,SAN LEANDRO,CA,94577
TACO BELL,797 MARINA BLVD,SAN LEANDRO,CA,94577
TACO BELL,15099 HESPERIAN BLVD # A,SAN LEANDRO,CA,94578
TACO BELL,21001 S R VALLEY BLVD # E1,SAN RAMON,CA,94583
TACO BELL,2415 SAN RAMON VALLEY BLVD # 6,SAN RAMON,CA,94583
TACO BELL,107 SUNSET AVE,SUISUN CITY,CA,94585
TACO BELL,6030 JOHNSON DR,PLEASANTON,CA,94588
TACO BELL,4001 SANTA RITA RD # 6,PLEASANTON,CA,94588
TACO BELL,5635 W LAS POSITAS BLVD # 406,PLEASANTON,CA,94588
TACO BELL,2033 SOLANO AVE,VALLEJO,CA,94590
TACO BELL,3600 SONOMA BLVD,VALLEJO,CA,94590
TACO BELL,974 ADMIRAL CALLAGHAN LN,VALLEJO,CA,94591
TACO BELL,1250 NEWELL AVE # K,WALNUT CREEK,CA,94596
TACO BELL,2400 N MAIN ST,WALNUT CREEK,CA,94596
TACO BELL,2849 YGNACIO VALLEY RD,WALNUT CREEK,CA,94598
TACO BELL,6900 BANCROFT AVE,OAKLAND,CA,94605
TACO BELL,3839 EMERY ST # 700,EMERYVILLE,CA,94608
TACO BELL,6035 TELEGRAPH AVE,OAKLAND,CA,94609
TACO BELL,2255 TELEGRAPH AVE,OAKLAND,CA,94612
TACO BELL,3535 35TH AVE,OAKLAND,CA,94619
TACO BELL,630 HEGENBERGER RD,OAKLAND,CA,94621
TACO BELL,635 SAN PABLO AVE,ALBANY,CA,94706
TACO BELL,2300 BARRETT AVE,RICHMOND,CA,94804
TACO BELL,40 SAN PABLO TOWNE CTR,SAN PABLO,CA,94806
TACO BELL,5000 REDWOOD DR,ROHNERT PARK,CA,94928
TACO BELL,1700 E COTATI AVE,ROHNERT PARK,CA,94928
TACO BELL,510 MILLER AVE,MILL VALLEY,CA,94941
TACO BELL,930 7TH ST,NOVATO,CA,94945
TACO BELL,180 ROWLAND BLVD,NOVATO,CA,94945
TACO BELL,406 E WASHINGTON ST,PETALUMA,CA,94952
TACO BELL,1450 CAMDEN AVE,CAMPBELL,CA,95008
TACO BELL,10710 S DE ANZA BLVD,CUPERTINO,CA,95014
TACO BELL,14 GREEN VALLEY RD,FREEDOM,CA,95019
TACO BELL,380 E 10TH ST,GILROY,CA,95020
TACO BELL,40 SAN FELIPE RD,HOLLISTER,CA,95023
TACO BELL,431 TRES PINOS RD,HOLLISTER,CA,95023
TACO BELL,16150 LOS GATOS BLVD,LOS GATOS,CA,95032
TACO BELL,774 S MAIN ST,MILPITAS,CA,95035
TACO BELL,1365 S PARK VICTORIA DR,MILPITAS,CA,95035
TACO BELL,81 RANCH DR,MILPITAS,CA,95035
TACO BELL,16900 MONTEREY ST,MORGAN HILL,CA,95037
TACO BELL,17000 CONDIT RD,MORGAN HILL,CA,95037
TACO BELL,1680 EL CAMINO REAL,SANTA CLARA,CA,95050
TACO BELL,2555 THE ALAMEDA,SANTA CLARA,CA,95050
TACO BELL,2600 HOMESTEAD RD,SANTA CLARA,CA,95051
TACO BELL,3610 EL CAMINO REAL,SANTA CLARA,CA,95051
TACO BELL,5350 GREAT AMERICA PKWY # 108,SANTA CLARA,CA,95054
TACO BELL,802 PACIFIC AVE,SANTA CRUZ,CA,95060
TACO BELL,1405 MISSION ST,SANTA CRUZ,CA,95060
TACO BELL,1404 SOQUEL AVE,SANTA CRUZ,CA,95062
TACO BELL,2730 41ST AVE,SOQUEL,CA,95073
TACO BELL,2102 MCKEE RD,SAN JOSE,CA,95116
TACO BELL,3690 STEVENS CREEK BLVD,SAN JOSE,CA,95117
TACO BELL,1114 BRANHAM LN,SAN JOSE,CA,95118
TACO BELL,1370 BLOSSOM HILL RD,SAN JOSE,CA,95118
TACO BELL,170 BERNAL RD,SAN JOSE,CA,95119
TACO BELL,2779 ABORN RD,SAN JOSE,CA,95121
TACO BELL,1069 E CAPITOL EXPY,SAN JOSE,CA,95121
TACO BELL,2415 S KING RD,SAN JOSE,CA,95122
TACO BELL,720 STORY RD,SAN JOSE,CA,95122
TACO BELL,5431 CAMDEN AVE,SAN JOSE,CA,95124
TACO BELL,2770 ALUM ROCK AVE,SAN JOSE,CA,95127
TACO BELL,1298 S WINCHESTER BLVD,SAN JOSE,CA,95128
TACO BELL,250 N BASCOM AVE,SAN JOSE,CA,95128
TACO BELL,840 S BASCOM AVE,SAN JOSE,CA,95128
TACO BELL,5389 PROSPECT RD,SAN JOSE,CA,95129
TACO BELL,2481 BERRYESSA RD,SAN JOSE,CA,95133
TACO BELL,535 W CAPITOL EXPY,SAN JOSE,CA,95136
TACO BELL,5538 MONTEREY HWY,SAN JOSE,CA,95138
TACO BELL,45 E HARDING WAY,STOCKTON,CA,95204
TACO BELL,627 N WILSON WAY,STOCKTON,CA,95205
TACO BELL,864 W CHARTER WAY,STOCKTON,CA,95206
TACO BELL,2407 W MARCH LN,STOCKTON,CA,95207
TACO BELL,532 W HAMMER LN,STOCKTON,CA,95210
TACO BELL,5115 WEST LN,STOCKTON,CA,95210
TACO BELL,3714 E HAMMER LN,STOCKTON,CA,95212
TACO BELL,4327 E WATERLOO RD,STOCKTON,CA,95215
TACO BELL,5025 S HIGHWAY 99,STOCKTON,CA,95215
TACO BELL,3507 W HAMMER LN,STOCKTON,CA,95219
TACO BELL,200 S MAIN ST,ANGELS CAMP,CA,95222
TACO BELL,18780 N HIGHWAY 88,LOCKEFORD,CA,95237
TACO BELL,608 W LODI AVE,LODI,CA,95240
TACO BELL,1364 BUSINESS PARK DR,LODI,CA,95240
TACO BELL,2111 W KETTLEMAN LN # E,LODI,CA,95242
TACO BELL,6425 W BANNER RD,LODI,CA,95242
TACO BELL,2380 W KETTLEMAN LN,LODI,CA,95242
TACO BELL,202 E HIGHWAY 12,VALLEY SPRINGS,CA,95252
TACO BELL,801 BELLEVUE RD,ATWATER,CA,95301
TACO BELL,2880 W GRANT LINE RD,TRACY,CA,95304
TACO BELL,2914 E WHITMORE AVE,CERES,CA,95307
TACO BELL,1100 YOSEMITE AVE,ESCALON,CA,95320
TACO BELL,12780 STATE HIGHWAY 33,GUSTINE,CA,95322
TACO BELL,16905 S HARLAN RD,LATHROP,CA,95330
TACO BELL,421 E YOSEMITE AVE,MANTECA,CA,95336
TACO BELL,201 NORTHGATE DR,MANTECA,CA,95336
TACO BELL,1440 MARTIN LUTHER KING JR WAY,MERCED,CA,95340
TACO BELL,3140 G ST,MERCED,CA,95340
TACO BELL,1241 STANDIFORD AVE,MODESTO,CA,95350
TACO BELL,2225 PLAZA PKWY # A,MODESTO,CA,95350
TACO BELL,1493 HERNDON RD,MODESTO,CA,95351
TACO BELL,1416 KANSAS AVE,MODESTO,CA,95351
TACO BELL,825 9TH ST,MODESTO,CA,95354
TACO BELL,801 10TH ST # 5-2,MODESTO,CA,95354
TACO BELL,1438 COFFEE RD,MODESTO,CA,95355
TACO BELL,2517 OAKDALE RD,MODESTO,CA,95355
TACO BELL,3900 PELANDALE AVE # E,MODESTO,CA,95356
TACO BELL,4911 MCHENRY AVE,MODESTO,CA,95356
TACO BELL,3601 YOSEMITE BLVD,MODESTO,CA,95357
TACO BELL,901 E F ST,OAKDALE,CA,95361
TACO BELL,1060 SPERRY AVE,PATTERSON,CA,95363
TACO BELL,1421 W COLONY RD,RIPON,CA,95366
TACO BELL,2421 PATTERSON RD,RIVERBANK,CA,95367
TACO BELL,13770 MONO WAY,SONORA,CA,95370
TACO BELL,915 S TRACY BLVD,TRACY,CA,95376
TACO BELL,2050 W MAIN ST,TURLOCK,CA,95380
TACO BELL,2700 GEER RD,TURLOCK,CA,95382
TACO BELL,12170 YOSEMITE BLVD,WATERFORD,CA,95386
TACO BELL,1835 MENDOCINO AVE,SANTA ROSA,CA,95401
TACO BELL,1429 FULTON RD,SANTA ROSA,CA,95403
TACO BELL,923 HOPPER AVE,SANTA ROSA,CA,95403
TACO BELL,1416 FARMERS LN,SANTA ROSA,CA,95405
TACO BELL,771 STONY POINT RD,SANTA ROSA,CA,95407
TACO BELL,2000 SANTA ROSA AVE,SANTA ROSA,CA,95407
TACO BELL,15115 LAKESHORE DR,CLEARLAKE,CA,95422
TACO BELL,1285 PARALLEL DR,LAKEPORT,CA,95453
TACO BELL,860 GRAVENSTEIN HWY N,SEBASTOPOL,CA,95472
TACO BELL,19025 HIGHWAY 12,SONOMA,CA,95476
TACO BELL,1199 N STATE ST,UKIAH,CA,95482
TACO BELL,1201 N STATE ST,UKIAH,CA,95482
TACO BELL,1500 S MAIN ST,WILLITS,CA,95490
TACO BELL,8900 BROOKS RD S,WINDSOR,CA,95492
TACO BELL,3080 BROADWAY,EUREKA,CA,95501
TACO BELL,1811 CENTRAL AVE,MCKINLEYVILLE,CA,95519
TACO BELL,370 M ST,CRESCENT CITY,CA,95531
TACO BELL,1717 GRASS VALLEY HWY,AUBURN,CA,95603
TACO BELL,11879 KEMPER RD # 11,AUBURN,CA,95603
TACO BELL,1895 AUBURN RAVINE RD,AUBURN,CA,95603
TACO BELL,13480 LUTHER RD,AUBURN,CA,95603
TACO BELL,776 IKEA CT,WEST SACRAMENTO,CA,95605
TACO BELL,4041 MANZANITA AVE,CARMICHAEL,CA,95608
TACO BELL,6158 SUNRISE MALL,CITRUS HEIGHTS,CA,95610
TACO BELL,7730 SUNRISE BLVD,CITRUS HEIGHTS,CA,95610
TACO BELL,425 G ST,DAVIS,CA,95616
TACO BELL,4811 CHILES RD,DAVIS,CA,95618
TACO BELL,1420 ARY LN,DIXON,CA,95620
TACO BELL,6440 ANTELOPE RD,CITRUS HEIGHTS,CA,95621
TACO BELL,6031 GREENBACK LN,CITRUS HEIGHTS,CA,95621
TACO BELL,8750 ELK GROVE BLVD,ELK GROVE,CA,95624
TACO BELL,6745 MADISON AVE,FAIR OAKS,CA,95628
TACO BELL,4343 SUNRISE BLVD,FAIR OAKS,CA,95628
TACO BELL,25002 BLUE RAVINE RD,FOLSOM,CA,95630
TACO BELL,181 IRON POINT RD,FOLSOM,CA,95630
TACO BELL,13000 FOLSOM BLVD # 208,FOLSOM,CA,95630
TACO BELL,702 E BIDWELL ST,FOLSOM,CA,95630
TACO BELL,2545 IRON POINT RD,FOLSOM,CA,95630
TACO BELL,1069 C ST,GALT,CA,95632
TACO BELL,541 S STATE HIGHWAY 49,JACKSON,CA,95642
TACO BELL,6079 HORSESHOE BAR RD,LOOMIS,CA,95650
TACO BELL,6741 WATT AVE,NORTH HIGHLANDS,CA,95660
TACO BELL,4915 WATT AVE,NORTH HIGHLANDS,CA,95660
TACO BELL,342 N SUNRISE AVE,ROSEVILLE,CA,95661
TACO BELL,8433 SIERRA COLLEGE BLVD,ROSEVILLE,CA,95661
TACO BELL,8823 GREENBACK LN,ORANGEVALE,CA,95662
TACO BELL,9382 MADISON AVE,ORANGEVALE,CA,95662
TACO BELL,1240 BROADWAY,PLACERVILLE,CA,95667
TACO BELL,21 FAIR LN,PLACERVILLE,CA,95667
TACO BELL,12220 TRIBUTARY LN,RANCHO CORDOVA,CA,95670
TACO BELL,2891 ZINFANDEL DR,RANCHO CORDOVA,CA,95670
TACO BELL,11230 SUN CENTER DR,RANCHO CORDOVA,CA,95670
TACO BELL,4340 ROCKLIN RD,ROCKLIN,CA,95677
TACO BELL,923 PLEASANT GROVE BLVD,ROSEVILLE,CA,95678
TACO BELL,3382 COACH LN,CAMERON PARK,CA,95682
TACO BELL,3380 COACH LN,CAMERON PARK,CA,95682
TACO BELL,240 NUT TREE RD,VACAVILLE,CA,95687
TACO BELL,2000 ALAMO DR,VACAVILLE,CA,95687
TACO BELL,2010 NUT TREE RD,VACAVILLE,CA,95687
TACO BELL,1481 E MONTE VISTA AVE,VACAVILLE,CA,95688
TACO BELL,2246 LAKE WASHINGTON BLVD,WEST SACRAMENTO,CA,95691
TACO BELL,850 HARBOR BLVD,WEST SACRAMENTO,CA,95691
TACO BELL,208 W MAIN ST,WOODLAND,CA,95695
TACO BELL,555 S AUBURN ST # A,COLFAX,CA,95713
TACO BELL,6975 DOUGLAS BLVD,GRANITE BAY,CA,95746
TACO BELL,5002 FOOTHILLS BLVD,ROSEVILLE,CA,95747
TACO BELL,9146 HARBOUR POINT DR,ELK GROVE,CA,95758
TACO BELL,8170 SHELDON RD,ELK GROVE,CA,95758
TACO BELL,6704 LAGUNA BLVD,ELK GROVE,CA,95758
TACO BELL,3967 PARK DR,EL DORADO HILLS,CA,95762
TACO BELL,2365 SUNSET BLVD,ROCKLIN,CA,95765
TACO BELL,411 PIONEER AVE,WOODLAND,CA,95776
TACO BELL,2434 DEL PASO BLVD,SACRAMENTO,CA,95815
TACO BELL,2431 BROADWAY,SACRAMENTO,CA,95818
TACO BELL,5625 FOLSOM BLVD,SACRAMENTO,CA,95819
TACO BELL,5550 M L KING BLVD,SACRAMENTO,CA,95820
TACO BELL,4318 MARCONI AVE,SACRAMENTO,CA,95821
TACO BELL,2525 MARCONI AVE,SACRAMENTO,CA,95821
TACO BELL,5641 FREEPORT BLVD,SACRAMENTO,CA,95822
TACO BELL,4244 FLORIN RD,SACRAMENTO,CA,95823
TACO BELL,4651 MACK RD,SACRAMENTO,CA,95823
TACO BELL,5919 STOCKTON BLVD,SACRAMENTO,CA,95824
TACO BELL,1801 WATT AVE,SACRAMENTO,CA,95825
TACO BELL,1300 HOWE AVE,SACRAMENTO,CA,95825
TACO BELL,7590 LA RIVIERA DR,SACRAMENTO,CA,95826
TACO BELL,3411 BRADSHAW RD,SACRAMENTO,CA,95827
TACO BELL,8170 GERBER RD,SACRAMENTO,CA,95828
TACO BELL,8071 ELK GROVE FLORIN RD,SACRAMENTO,CA,95829
TACO BELL,356 FLORIN RD,SACRAMENTO,CA,95831
TACO BELL,1580 W EL CAMINO AVE # 2,SACRAMENTO,CA,95833
TACO BELL,2921 ADVANTAGE LN,SACRAMENTO,CA,95834
TACO BELL,3820 NORTHGATE BLVD,SACRAMENTO,CA,95834
TACO BELL,8045 WATT AVE,ANTELOPE,CA,95843
TACO BELL,631 10TH ST,MARYSVILLE,CA,95901
TACO BELL,1044 N BEALE RD,MARYSVILLE,CA,95901
TACO BELL,757 EAST AVE,CHICO,CA,95926
TACO BELL,109 OLYMPIA PARK RD,GRASS VALLEY,CA,95945
TACO BELL,1503 STATE HIGHWAY 99,GRIDLEY,CA,95948
TACO BELL,1179 HOFF WAY,ORLAND,CA,95963
TACO BELL,2660 OLIVE HWY,OROVILLE,CA,95966
TACO BELL,2175 MYERS ST,OROVILLE,CA,95966
TACO BELL,5859 CLARK RD,PARADISE,CA,95969
TACO BELL,288 VANN ST,WILLIAMS,CA,95987
TACO BELL,1301 W WOOD ST,WILLOWS,CA,95988
TACO BELL,619 COLUSA AVE,YUBA CITY,CA,95991
TACO BELL,1483 BRIDGE ST,YUBA CITY,CA,95993
TACO BELL,1220 MARKET ST,REDDING,CA,96001
TACO BELL,2610 HILLTOP DR,REDDING,CA,96002
TACO BELL,1020 OLD ALTURAS RD,REDDING,CA,96003
TACO BELL,2770 MCMURRAY DR,ANDERSON,CA,96007
TACO BELL,2189 SOLANO ST,CORNING,CA,96021
TACO BELL,301 W LAKE ST,MT SHASTA,CA,96067
TACO BELL,228 MAIN ST,RED BLUFF,CA,96080
TACO BELL,200 E VISTA DR,WEED,CA,96094
TACO BELL,1804 FORT JONES RD,YREKA,CA,96097
TACO BELL,2990 MAIN ST,SUSANVILLE,CA,96130
TACO BELL,8491 N LAKE BLVD,KINGS BEACH,CA,96143
TACO BELL,3920 LAKE TAHOE BLVD,SOUTH LAKE TAHOE,CA,96150
TACO BELL,2681 LAKE TAHOE BLVD,SOUTH LAKE TAHOE,CA,96150
TACO BELL,1060 EMERALD BAY RD,SOUTH LAKE TAHOE,CA,96150
TACO BELL,12277 DEERFIELD DR,TRUCKEE,CA,96161
TACO BELL,9919 AVALON BLVD,LOS ANGELES,CA,90003
TACO BELL,6635 SEGUIN RD,SAN ANTONIO,TX,78219
TACO BELL,2110 GOLIAD RD,SAN ANTONIO,TX,78223
TACO BELL,3006 SW MILITARY DR,SAN ANTONIO,TX,78224
TACO BELL,6807 W MILITARY DR,SAN ANTONIO,TX,78227
TACO BELL,8288 MARBACH RD,SAN ANTONIO,TX,78227
TACO BELL,7550 W INTERSTATE 10 # 508,SAN ANTONIO,TX,78229
TACO BELL,8510 FREDERICKSBURG RD,SAN ANTONIO,TX,78229
TACO BELL,2501 BABCOCK RD,SAN ANTONIO,TX,78229
TACO BELL,1602 N LOOP 1604 E,SAN ANTONIO,TX,78232
TACO BELL,1770 S GENERAL MCMULLEN DR,SAN ANTONIO,TX,78237
TACO BELL,6808 NW LOOP 410,SAN ANTONIO,TX,78238
TACO BELL,9300 WURZBACH RD,SAN ANTONIO,TX,78240
TACO BELL,14076 NACOGDOCHES RD,SAN ANTONIO,TX,78247
TACO BELL,9160 GRISSOM RD,SAN ANTONIO,TX,78251
TACO BELL,1005 S 14TH ST,KINGSVILLE,TX,78363
TACO BELL,1043 US HIGHWAY 181,PORTLAND,TX,78374
TACO BELL,1601 HIGHWAY 35 N,ROCKPORT,TX,78382
TACO BELL,11328 LEOPARD ST,CORPUS CHRISTI,TX,78410
TACO BELL,3321 S STAPLES ST,CORPUS CHRISTI,TX,78411
TACO BELL,5530 EVERHART RD,CORPUS CHRISTI,TX,78411
TACO BELL,1501 NILE DR,CORPUS CHRISTI,TX,78412
TACO BELL,5821 SARATOGA BLVD,CORPUS CHRISTI,TX,78414
TACO BELL,4434 AYERS ST,CORPUS CHRISTI,TX,78415
TACO BELL,1217 WALDRON RD,CORPUS CHRISTI,TX,78418
TACO BELL,420 S 10TH ST,MCALLEN,TX,78501
TACO BELL,925 RUBEN M TORRES BLVD,BROWNSVILLE,TX,78520
TACO BELL,1165 FM 802,BROWNSVILLE,TX,78521
TACO BELL,1716 W UNIVERSITY DR,EDINBURG,TX,78539
TACO BELL,1518 N ED CAREY DR,HARLINGEN,TX,78550
TACO BELL,402 DIXIELAND RD,HARLINGEN,TX,78552
TACO BELL,107 W GRIFFIN PKWY,MISSION,TX,78572
TACO BELL,101 E NOLANA LOOP,PHARR,TX,78577
TACO BELL,1006 N TEXAS BLVD,WESLACO,TX,78596
TACO BELL,502 HIGHWAY 71 W,BASTROP,TX,78602
TACO BELL,950 N BELL BLVD,CEDAR PARK,TX,78613
TACO BELL,580 OLD SAN ANTONIO RD,DALE,TX,78616
TACO BELL,104 E HIGHWAY 290,DRIPPING SPRINGS,TX,78620
TACO BELL,1000 I-35 N,GEORGETOWN,TX,78628
TACO BELL,600 HIGHWAY 79,HUTTO,TX,78634
TACO BELL,1545 N BELL BLVD,LEANDER,TX,78641
TACO BELL,309 W YOUNG ST,LLANO,TX,78643
TACO BELL,1400 S COLORADO ST,LOCKHART,TX,78644
TACO BELL,1510 FM 1431,MARBLE FALLS,TX,78654
TACO BELL,1712 FM 685,PFLUGERVILLE,TX,78660
TACO BELL,1605 PECAN ST W,PFLUGERVILLE,TX,78660
TACO BELL,1775 W GRIMES ST,ROUND ROCK,TX,78664
TACO BELL,4007 S INTERSTATE 35,SAN MARCOS,TX,78666
TACO BELL,1108 N INTERSTATE 35,ROUND ROCK,TX,78681
TACO BELL,201 E OLTORF ST,AUSTIN,TX,78704
TACO BELL,1701 W BEN WHITE BLVD # 2,AUSTIN,TX,78704
TACO BELL,327 S LAMAR BLVD,AUSTIN,TX,78704
TACO BELL,2247 GUADALUPE ST,AUSTIN,TX,78712
TACO BELL,9900 W PARMER LN # C,AUSTIN,TX,78717
TACO BELL,1925 AIRPORT BLVD,AUSTIN,TX,78722
TACO BELL,5604 CAMERON RD,AUSTIN,TX,78723
TACO BELL,7515 FM ROAD 620 N,AUSTIN,TX,78726
TACO BELL,1825 W PARMER LN,AUSTIN,TX,78727
TACO BELL,3501 WELLS BRANCH PKWY,AUSTIN,TX,78728
TACO BELL,1703 RANCH ROAD 620 S,LAKEWAY,TX,78734
TACO BELL,2308 E RIVERSIDE DR,AUSTIN,TX,78741
TACO BELL,6511 S INTERSTATE 35,AUSTIN,TX,78744
TACO BELL,502 W WILLIAM CANNON DR,AUSTIN,TX,78745
TACO BELL,3421 W WILLIAM CANNON DR,AUSTIN,TX,78745
TACO BELL,500 N CAPITAL OF TX HWY #2-100,AUSTIN,TX,78746
TACO BELL,3324 W SLAUGHTER LN,AUSTIN,TX,78748
TACO BELL,161 W SLAUGHTER LN # O,AUSTIN,TX,78748
TACO BELL,13770 N HIGHWAY 183 # 170,AUSTIN,TX,78750
TACO BELL,1016 E ANDERSON LN,AUSTIN,TX,78752
TACO BELL,9504 N LAMAR BLVD,AUSTIN,TX,78753
TACO BELL,7793 BURNET RD,AUSTIN,TX,78757
TACO BELL,2600 W BRAKER LN,AUSTIN,TX,78758
TACO BELL,4811 W BRAKER LN,AUSTIN,TX,78759
TACO BELL,514 E MAIN ST,UVALDE,TX,78801
TACO BELL,1809 VETERANS BLVD,DEL RIO,TX,78840
TACO BELL,2127 E GARRISON ST,EAGLE PASS,TX,78852
TACO BELL,2222 E AUSTIN ST,GIDDINGS,TX,78942
TACO BELL,1200 W 1ST ST,HEREFORD,TX,79045
TACO BELL,1002 N HOBART ST,PAMPA,TX,79065
TACO BELL,911 N INTERSTATE 27,PLAINVIEW,TX,79072
TACO BELL,1629 N MAIN ST,SHAMROCK,TX,79079
TACO BELL,1000 S POLK ST,AMARILLO,TX,79101
TACO BELL,4116 W INTERSTATE 40,AMARILLO,TX,79102
TACO BELL,2010 ROSS OSAGE ST,AMARILLO,TX,79103
TACO BELL,5807 SW 45TH AVE # 800,AMARILLO,TX,79109
TACO BELL,405 E STATE ROAD 114,LEVELLAND,TX,79336
TACO BELL,402 AVENUE Q,LUBBOCK,TX,79401
TACO BELL,2001 50TH ST,LUBBOCK,TX,79412
TACO BELL,4928 50TH ST,LUBBOCK,TX,79414
TACO BELL,5713 4TH ST,LUBBOCK,TX,79416
TACO BELL,2408 82ND ST,LUBBOCK,TX,79423
TACO BELL,6512 82ND ST,LUBBOCK,TX,79424
TACO BELL,5111 82ND ST,LUBBOCK,TX,79424
TACO BELL,206 SE GEORGIA AVE,SWEETWATER,TX,79556
TACO BELL,2201 PINE ST,ABILENE,TX,79601
TACO BELL,2901 S 14TH ST,ABILENE,TX,79605
TACO BELL,4341 S 1ST ST,ABILENE,TX,79605
TACO BELL,4165 S DANVILLE DR,ABILENE,TX,79605
TACO BELL,1814 N MIDLAND DR,MIDLAND,TX,79707
TACO BELL,1304 N US HIGHWAY 285,FORT STOCKTON,TX,79735
TACO BELL,1520 JOHN BEN SHEPPERD PKWY,ODESSA,TX,79761
TACO BELL,1713 N COUNTY RD W,ODESSA,TX,79763
TACO BELL,1809 ANTONIO ST,ANTHONY,TX,79821
TACO BELL,2103 N MESA ST,EL PASO,TX,79902
TACO BELL,91 S AMERICAS AVE,EL PASO,TX,79907
TACO BELL,6000 N MESA ST,EL PASO,TX,79912
TACO BELL,7410 REMCON CIR # T,EL PASO,TX,79912
TACO BELL,911 N RESLER DR,EL PASO,TX,79912
TACO BELL,4515 WOODROW BEAN,EL PASO,TX,79924
TACO BELL,9159 DYER ST,EL PASO,TX,79924
TACO BELL,6055 MONTANA AVE,EL PASO,TX,79925
TACO BELL,8401 GATEWAY BLVD W,EL PASO,TX,79925
TACO BELL,9523 VISCOUNT BLVD,EL PASO,TX,79925
TACO BELL,1500 N LEE TREVINO DR,EL PASO,TX,79936
TACO BELL,1337 GEORGE DIETER DR,EL PASO,TX,79936
TACO BELL,1895 N ZARAGOZA RD,EL PASO,TX,79936
TACO BELL,12230 MONTANA AVE,EL PASO,TX,79938
TACO BELL,380 E STACY RD,ALLEN,TX,75002
TACO BELL,1907 E BELT LINE RD,CARROLLTON,TX,75006
TACO BELL,1008 E FRANKFORD RD,CARROLLTON,TX,75007
TACO BELL,505 W MCDERMOTT DR,ALLEN,TX,75013
TACO BELL,215 S CUSTER RD,ALLEN,TX,75013
TACO BELL,898 CUSTER RD,ALLEN,TX,75013
TACO BELL,115 N DENTON TAP RD,COPPELL,TX,75019
TACO BELL,3420 W FM 120,DENISON,TX,75020
TACO BELL,900 S AUSTIN AVE,DENISON,TX,75020
TACO BELL,2708 FLOWER MOUND RD,FLOWER MOUND,TX,75022
TACO BELL,11827 ABRAMS RD,PLANO,TX,75023
TACO BELL,8613 OHIO DR,PLANO,TX,75024
TACO BELL,7020 COIT RD,PLANO,TX,75025
TACO BELL,6040 LONG PRAIRIE RD,FLOWER MOUND,TX,75028
TACO BELL,2815 RIDGE RD,ROCKWALL,TX,75032
TACO BELL,5359 LEBANON RD,FRISCO,TX,75034
TACO BELL,6929 PRESTON RD,FRISCO,TX,75034
TACO BELL,5360 N MACARTHUR BLVD,IRVING,TX,75038
TACO BELL,3160 LAVON DR # 23748,GARLAND,TX,75040
TACO BELL,1050 NORTHWEST HWY,GARLAND,TX,75041
TACO BELL,5709 BROADWAY BLVD,GARLAND,TX,75043
TACO BELL,2815 NE GREEN OAKS BLVD,GRAND PRAIRIE,TX,75050
TACO BELL,728 E MAIN ST,GRAND PRAIRIE,TX,75050
TACO BELL,381 W PIONEER PKWY,GRAND PRAIRIE,TX,75051
TACO BELL,3980 S BELT LINE RD,GRAND PRAIRIE,TX,75052
TACO BELL,3890 S GREAT SOUTHWEST PKWY,GRAND PRAIRIE,TX,75052
TACO BELL,5005 MAIN ST,THE COLONY,TX,75056
TACO BELL,731 HEBRON PKWY,LEWISVILLE,TX,75057
TACO BELL,1022 W SHADY GROVE RD,IRVING,TX,75060
TACO BELL,801 S BELT LINE RD,IRVING,TX,75060
TACO BELL,2300 VALLEY VIEW LN,IRVING,TX,75062
TACO BELL,3321 N BELT LINE RD,IRVING,TX,75062
TACO BELL,1311 S STATE HIGHWAY 121,LEWISVILLE,TX,75067
TACO BELL,855 W MAIN ST,LEWISVILLE,TX,75067
TACO BELL,2589 FM 423,LITTLE ELM,TX,75068
TACO BELL,8658 STATE HIGHWAY 121,MCKINNEY,TX,75070
TACO BELL,404 N CENTRAL EXPY,MCKINNEY,TX,75070
TACO BELL,320 N CUSTER RD,MCKINNEY,TX,75071
TACO BELL,1340 JUPITER RD,PLANO,TX,75074
TACO BELL,150 W PARKER RD,PLANO,TX,75075
TACO BELL,517 W ARAPAHO RD,RICHARDSON,TX,75080
TACO BELL,2113 E BELT LINE RD,RICHARDSON,TX,75081
TACO BELL,1606 E BELT LINE RD,RICHARDSON,TX,75081
TACO BELL,6606 DALROCK RD,ROWLETT,TX,75089
TACO BELL,5402 ROWLETT RD,ROWLETT,TX,75089
TACO BELL,1800 TEXOMA PKWY,SHERMAN,TX,75090
TACO BELL,4214 N US HIGHWAY 75,SHERMAN,TX,75090
TACO BELL,1020 PRESTON RD,PLANO,TX,75093
TACO BELL,121 S MURPHY RD,MURPHY,TX,75094
TACO BELL,1601 W KIRBY ST,WYLIE,TX,75098
TACO BELL,1963 N TRADE DAYS BLVD,CANTON,TX,75103
TACO BELL,395 N HIGHWAY 67,CEDAR HILL,TX,75104
TACO BELL,2937 S US HIGHWAY 287,CORSICANA,TX,75109
TACO BELL,807 W 7TH AVE,CORSICANA,TX,75110
TACO BELL,323 S CEDAR RIDGE DR,DUNCANVILLE,TX,75116
TACO BELL,1107 E ENNIS AVE,ENNIS,TX,75119
TACO BELL,748 PINSON RD,FORNEY,TX,75126
TACO BELL,1800 S WASHINGTON ST,KAUFMAN,TX,75142
TACO BELL,786 N INTERSTATE 35 E,LANCASTER,TX,75146
TACO BELL,1714 MILITARY PKWY,MESQUITE,TX,75149
TACO BELL,120 W CARTWRIGHT RD,MESQUITE,TX,75149
TACO BELL,4500 GUS THOMASSON RD,MESQUITE,TX,75150
TACO BELL,2114 N GALLOWAY AVE,MESQUITE,TX,75150
TACO BELL,3032 TOWN EAST MALL,MESQUITE,TX,75150
TACO BELL,410 N INTERSTATE 35 RD,RED OAK,TX,75154
TACO BELL,900 W MAIN ST,GUN BARREL CITY,TX,75156
TACO BELL,530 E MALLOY BRIDGE RD,SEAGOVILLE,TX,75159
TACO BELL,604 W MOORE AVE,TERRELL,TX,75160
TACO BELL,602 N HIGHWAY 77,WAXAHACHIE,TX,75165
TACO BELL,12002 ELAM RD,BALCH SPRINGS,TX,75180
TACO BELL,700 N PEARL ST # FC2,DALLAS,TX,75201
TACO BELL,2048 TRAMMEL CROW CTR,DALLAS,TX,75201
TACO BELL,2404 N WASHINGTON AVE,DALLAS,TX,75204
TACO BELL,5506 E MOCKINGBIRD LN,DALLAS,TX,75206
TACO BELL,1105 S RIVERFRONT BLVD,DALLAS,TX,75207
TACO BELL,3470 W ILLINOIS AVE,DALLAS,TX,75211
TACO BELL,3223 FORT WORTH AVE,DALLAS,TX,75211
TACO BELL,1702 N COCKRELL HILL RD,DALLAS,TX,75211
TACO BELL,1955 S BUCKNER BLVD,DALLAS,TX,75217
TACO BELL,11441 JUPITER RD,DALLAS,TX,75218
TACO BELL,2245 W NORTHWEST HWY,DALLAS,TX,75220
TACO BELL,505 W ILLINOIS AVE,DALLAS,TX,75224
TACO BELL,7110 GREENVILLE AVE,DALLAS,TX,75231
TACO BELL,3127 INWOOD RD,DALLAS,TX,75235
TACO BELL,4345 W CAMP WISDOM RD,DALLAS,TX,75237
TACO BELL,2972 W WHEATLAND RD,DALLAS,TX,75237
TACO BELL,9820 WALNUT HILL LN,DALLAS,TX,75238
TACO BELL,13670 PRESTON RD,DALLAS,TX,75240
TACO BELL,8407 S LANCASTER RD,DALLAS,TX,75241
TACO BELL,11702 PLANO RD,DALLAS,TX,75243
TACO BELL,11827 ABRAMS RD,DALLAS,TX,75243
TACO BELL,4151 LYNDON B JOHNSON FWY,DALLAS,TX,75244
TACO BELL,8349 N STEMMONS FWY,DALLAS,TX,75247
TACO BELL,3300 E AIRFIELD DR,DALLAS,TX,75261
TACO BELL,1201 ELM ST # LL03,DALLAS,TX,75270
TACO BELL,4616 FRANKFORD RD,DALLAS,TX,75287
TACO BELL,17530 MARSH LN,DALLAS,TX,75287
TACO BELL,6605 WESLEY ST,GREENVILLE,TX,75402
TACO BELL,705 E PRINCETON DR,PRINCETON,TX,75407
TACO BELL,203 W SAM RAYBURN DR,BONHAM,TX,75418
TACO BELL,1613 STATE HIGHWAY 50,COMMERCE,TX,75428
TACO BELL,905 S JEFFERSON AVE,MT PLEASANT,TX,75455
TACO BELL,3922 LAMAR AVE,PARIS,TX,75462
TACO BELL,1338 S BROADWAY ST,SULPHUR SPRINGS,TX,75482
TACO BELL,1609 NEW BOSTON RD,TEXARKANA,TX,75501
TACO BELL,4507 W 7TH ST,WAKE VILLAGE,TX,75501
TACO BELL,5021 N STATE LINE AVE,TEXARKANA,TX,75503
TACO BELL,3820 SAINT MICHAEL DR,TEXARKANA,TX,75503
TACO BELL,601 LOOP 59,ATLANTA,TX,75551
TACO BELL,705 N MCCOY BLVD,NEW BOSTON,TX,75570
TACO BELL,200 W MARSHALL AVE,LONGVIEW,TX,75601
TACO BELL,3603 ESTES PKWY,LONGVIEW,TX,75603
TACO BELL,1901 W LOOP 281,LONGVIEW,TX,75604
TACO BELL,407 W LOOP 281,LONGVIEW,TX,75605
TACO BELL,2553 JUDSON RD,LONGVIEW,TX,75605
TACO BELL,409 US HIGHWAY 271 N,GILMER,TX,75644
TACO BELL,300 US HIGHWAY 79 S,HENDERSON,TX,75654
TACO BELL,1000 US HIGHWAY 259 N,KILGORE,TX,75662
TACO BELL,628 E END BLVD S,MARSHALL,TX,75670
TACO BELL,107 W US HIGHWAY 80,WHITE OAK,TX,75693
TACO BELL,3808 S BROADWAY AVE,TYLER,TX,75701
TACO BELL,2760 E 5TH ST,TYLER,TX,75701
TACO BELL,2611 W GENTRY PKWY,TYLER,TX,75702
TACO BELL,500 S SOUTHWEST LOOP 323,TYLER,TX,75702
TACO BELL,3825 TROUP HWY,TYLER,TX,75703
TACO BELL,7425 S BROADWAY AVE,TYLER,TX,75703
TACO BELL,208 E CORSICANA ST,ATHENS,TX,75751
TACO BELL,656 STATE HIGHWAY 31 E,CHANDLER,TX,75758
TACO BELL,302 S JACKSON ST,JACKSONVILLE,TX,75766
TACO BELL,3401 S MAIN ST,LINDALE,TX,75771
TACO BELL,125 NE LOOP 564,MINEOLA,TX,75773
TACO BELL,1207 N DICKINSON DR,RUSK,TX,75785
TACO BELL,2104 CROCKETT RD,PALESTINE,TX,75801
TACO BELL,900 E LOOP 304,CROCKETT,TX,75835
TACO BELL,690 W US HIGHWAY 84,FAIRFIELD,TX,75840
TACO BELL,2214 S 1ST ST,LUFKIN,TX,75901
TACO BELL,216 S TIMBERLAND DR,LUFKIN,TX,75901
TACO BELL,1502 TENAHA ST,CENTER,TX,75935
TACO BELL,1605 NORTH ST,NACOGDOCHES,TX,75965
TACO BELL,1130 W HIGHWAY 67,ALVARADO,TX,76009
TACO BELL,215 S WATSON RD,ARLINGTON,TX,76010
TACO BELL,2364 E PIONEER PKWY,ARLINGTON,TX,76010
TACO BELL,1101 N COLLINS ST,ARLINGTON,TX,76011
TACO BELL,1316 S COOPER ST,ARLINGTON,TX,76013
TACO BELL,901 W ARBROOK BLVD,ARLINGTON,TX,76015
TACO BELL,5401 S COOPER ST,ARLINGTON,TX,76017
TACO BELL,5745 W INTERSTATE 20 # 2630,ARLINGTON,TX,76017
TACO BELL,4431 S COLLINS ST,ARLINGTON,TX,76018
TACO BELL,100 SOUTHEAST PKWY,AZLE,TX,76020
TACO BELL,2500 HIGHWAY 121,BEDFORD,TX,76021
TACO BELL,1505 BROWN TRL,BEDFORD,TX,76022
TACO BELL,821 SW WILSHIRE BLVD,BURLESON,TX,76028
TACO BELL,621 W HENDERSON ST,CLEBURNE,TX,76033
TACO BELL,2008 N MAIN ST,CLEBURNE,TX,76033
TACO BELL,1008 S CROWLEY RD,CROWLEY,TX,76036
TACO BELL,1201 W GLADE RD # 100,EULESS,TX,76039
TACO BELL,100 E EULESS BLVD,EULESS,TX,76040
TACO BELL,835 E HIGHWAY 377,GRANBURY,TX,76048
TACO BELL,1134 WILLIAM D TATE AVE,GRAPEVINE,TX,76051
TACO BELL,756 W PIPELINE RD,HURST,TX,76053
TACO BELL,1101 HIGHWAY 287 N,MANSFIELD,TX,76063
TACO BELL,631 E MAIN ST,MIDLOTHIAN,TX,76065
TACO BELL,1814 S MAIN ST,WEATHERFORD,TX,76086
TACO BELL,2930 FORT WORTH HWY,HUDSON OAKS,TX,76087
TACO BELL,101 N KIMBALL AVE,SOUTHLAKE,TX,76092
TACO BELL,2255 W SOUTHLAKE BLVD,SOUTHLAKE,TX,76092
TACO BELL,900 W WEATHERFORD ST,FORT WORTH,TX,76102
TACO BELL,1221 OAKLAND BLVD,FORT WORTH,TX,76103
TACO BELL,2824 N MAIN ST,FORT WORTH,TX,76106
TACO BELL,5340 BLUE MOUND RD,FORT WORTH,TX,76106
TACO BELL,1913 W BERRY ST,FORT WORTH,TX,76110
TACO BELL,2301 W BERRY ST,FORT WORTH,TX,76110
TACO BELL,1060 N BEACH ST,FORT WORTH,TX,76111
TACO BELL,6162 MEADOWBROOK DR,FORT WORTH,TX,76112
TACO BELL,5304 RIVER OAKS BLVD,RIVER OAKS,TX,76114
TACO BELL,9180 CAMP BOWIE WEST BLVD,FORT WORTH,TX,76116
TACO BELL,2808 DENTON HWY,HALTOM CITY,TX,76117
TACO BELL,1435 EASTCHASE PKWY,FORT WORTH,TX,76120
TACO BELL,8509 BENBROOK BLVD,BENBROOK,TX,76126
TACO BELL,6040 S HULEN ST,FORT WORTH,TX,76132
TACO BELL,3767 ALTAMESA BLVD,FORT WORTH,TX,76133
TACO BELL,3150 SYCAMORE SCHOOL RD,FORT WORTH,TX,76133
TACO BELL,1701 CALIFORNIA PKWY S,FORT WORTH,TX,76134
TACO BELL,6331 LAKE WORTH BLVD,FORT WORTH,TX,76135
TACO BELL,4500 WESTERN CENTER BLVD,HALTOM CITY,TX,76137
TACO BELL,10800 SOUTH FWY,FORT WORTH,TX,76140
TACO BELL,3324 SE LOOP 820,FORT WORTH,TX,76140
TACO BELL,6261 RUFE SNOW DR,FORT WORTH,TX,76148
TACO BELL,1117 N SAGINAW BLVD,SAGINAW,TX,76179
TACO BELL,8389 BOULEVARD 26,N RICHLAND HILLS,TX,76180
TACO BELL,4651 N TARRANT PKWY,N RICHLAND HILLS,TX,76180
TACO BELL,1800 W UNIVERSITY DR,DENTON,TX,76201
TACO BELL,2124 SADAU CT,DENTON,TX,76210
TACO BELL,4471 FM 2181,CORINTH,TX,76210
TACO BELL,928 S HIGHWAY 377 # 210,AUBREY,TX,76227
TACO BELL,800 W BUSINESS 380,DECATUR,TX,76234
TACO BELL,601 MEDAL OF HONOR BLVD,GAINESVILLE,TX,76240
TACO BELL,1941 S MAIN ST,KELLER,TX,76248
TACO BELL,964 KELLER PKWY,KELLER,TX,76248
TACO BELL,702 E BYRON NELSON BLVD,ROANOKE,TX,76262
TACO BELL,2810 CENTRAL FWY,WICHITA FALLS,TX,76306
TACO BELL,2803 SOUTHWEST PKWY,WICHITA FALLS,TX,76308
TACO BELL,2512 KEMP BLVD,WICHITA FALLS,TX,76309
TACO BELL,4600 BEL AIR BLVD,WICHITA FALLS,TX,76310
TACO BELL,740 H AVE,SHEPPARD AFB,TX,76311
TACO BELL,4112 HILLCREST PLZ,VERNON,TX,76384
TACO BELL,2769 W WASHINGTON ST,STEPHENVILLE,TX,76401
TACO BELL,1430 E MAIN ST,EASTLAND,TX,76448
TACO BELL,3002 S 31ST ST,TEMPLE,TX,76502
TACO BELL,1508 W ADAMS AVE,TEMPLE,TX,76504
TACO BELL,608 E CENTRAL AVE,BELTON,TX,76513
TACO BELL,526 S INTERSTATE 35,BELTON,TX,76513
TACO BELL,1110 E HIGHWAY 190,COPPERAS COVE,TX,76522
TACO BELL,2318 S STATE HIGHWAY 36,GATESVILLE,TX,76528
TACO BELL,404 N FORT HOOD ST,KILLEEN,TX,76541
TACO BELL,419 E RANCIER AVE,KILLEEN,TX,76541
TACO BELL,1313 S FORT HOOD ST,KILLEEN,TX,76542
TACO BELL,2103 S W S YOUNG DR,KILLEEN,TX,76543
TACO BELL,4400 S CLEAR CREEK RD,KILLEEN,TX,76549
TACO BELL,908 S KEY AVE,LAMPASAS,TX,76550
TACO BELL,2009 N MAIN ST,TAYLOR,TX,76574
TACO BELL,300 I 35 HWY NE,HILLSBORO,TX,76645
TACO BELL,405 N ROSS AVE,MEXIA,TX,76667
TACO BELL,4513 INTERSTATE 35 N,WACO,TX,76705
TACO BELL,824 S 6TH ST,WACO,TX,76706
TACO BELL,1515 N VALLEY MILLS DR,WACO,TX,76710
TACO BELL,120 N VALLEY MILLS DR,WACO,TX,76710
TACO BELL,1101 HEWITT DR,WACO,TX,76712
TACO BELL,547 W COMMERCE ST,BROWNWOOD,TX,76801
TACO BELL,3444 SHERWOOD WAY,SAN ANGELO,TX,76901
TACO BELL,1504 PULLIAM ST,SAN ANGELO,TX,76903
TACO BELL,1901 N BRYANT BLVD,SAN ANGELO,TX,76903
TACO BELL,1701 KNICKERBOCKER RD,SAN ANGELO,TX,76904
TACO BELL,1206 AVENUE E,OZONA,TX,76943
TACO BELL,3356 SCOTT ST,HOUSTON,TX,77004
TACO BELL,2093 TAYLOR ST,HOUSTON,TX,77007
TACO BELL,919 FEDERAL RD,HOUSTON,TX,77015
TACO BELL,370 UVALDE RD,HOUSTON,TX,77015
TACO BELL,3034 ELLA BLVD,HOUSTON,TX,77018
TACO BELL,1817 S SHEPHERD DR,HOUSTON,TX,77019
TACO BELL,3720 OLD SPANISH TRL,HOUSTON,TX,77021
TACO BELL,10 E CROSSTIMBERS ST,HOUSTON,TX,77022
TACO BELL,904 S WAYSIDE DR,HOUSTON,TX,77023
TACO BELL,303 MEMORIAL CITY # 760,HOUSTON,TX,77024
TACO BELL,24140 W HOLCOMBE BLVD,HOUSTON,TX,77030
TACO BELL,15797 JOHN F KENNEDY BLVD,HOUSTON,TX,77032
TACO BELL,1082 EDGEBROOK DR,HOUSTON,TX,77034
TACO BELL,4904 W BELLFORT ST,HOUSTON,TX,77035
TACO BELL,213 WEST RD,HOUSTON,TX,77038
TACO BELL,5772 HOLLISTER ST,HOUSTON,TX,77040
TACO BELL,9801 KATY FWY ST 325,HOUSTON,TX,77040
TACO BELL,10615 WESTHEIMER RD,HOUSTON,TX,77042
TACO BELL,3155 S LOOP W,HOUSTON,TX,77054
TACO BELL,1223 GESSNER RD,HOUSTON,TX,77055
TACO BELL,5818 RICHMOND AVE,HOUSTON,TX,77057
TACO BELL,1033 1/2 BAY AREA BLVD,HOUSTON,TX,77058
TACO BELL,12025 GREENSPOINT DR,HOUSTON,TX,77060
TACO BELL,7540 BELLFORT ST,HOUSTON,TX,77061
TACO BELL,7506 WESTHEIMER RD,HOUSTON,TX,77063
TACO BELL,9011 W SAM HOUSTON PKWY N,HOUSTON,TX,77064
TACO BELL,3703 CYPRESS CREEK PKWY,HOUSTON,TX,77068
TACO BELL,10006 CYPRESSWOOD DR,HOUSTON,TX,77070
TACO BELL,1178 WILLOWBROOK MALL,HOUSTON,TX,77070
TACO BELL,10660 CYPRESS CREEK PKWY,HOUSTON,TX,77070
TACO BELL,7720 W BELLFORT ST,HOUSTON,TX,77071
TACO BELL,7206 BISSONNET ST,HOUSTON,TX,77074
TACO BELL,270 ALMEDA MALL,HOUSTON,TX,77075
TACO BELL,2475 HIGHWAY 6 S,HOUSTON,TX,77077
TACO BELL,12543 WESTHEIMER RD,HOUSTON,TX,77077
TACO BELL,14601 MEMORIAL DR,HOUSTON,TX,77079
TACO BELL,5600 BELLAIRE BLVD,HOUSTON,TX,77081
TACO BELL,6907 HIGHWAY 6 S,HOUSTON,TX,77083
TACO BELL,1730 FRY RD,HOUSTON,TX,77084
TACO BELL,4970 HIGHWAY 6 N,HOUSTON,TX,77084
TACO BELL,10906 SCARSDALE BLVD # B,HOUSTON,TX,77089
TACO BELL,619 CYPRESS CREEK PKWY,HOUSTON,TX,77090
TACO BELL,6436 ANTOINE DR,HOUSTON,TX,77091
TACO BELL,17721 FM 529 RD,HOUSTON,TX,77095
TACO BELL,7502 HIGHWAY 6 N,HOUSTON,TX,77095
TACO BELL,1123 N FRAZIER ST,CONROE,TX,77301
TACO BELL,3207 W DAVIS ST,CONROE,TX,77304
TACO BELL,435 W SOUTHLINE ST,CLEVELAND,TX,77327
TACO BELL,10811 WILL CLAYTON PKWY,HUMBLE,TX,77338
TACO BELL,6355 WILL CLAYTON PKWY,HUMBLE,TX,77338
TACO BELL,10019 FM 1960 BYPASS RD W,HUMBLE,TX,77338
TACO BELL,3140 FM 1960 RD W,HUMBLE,TX,77338
TACO BELL,1710 KINGWOOD DR,KINGWOOD,TX,77339
TACO BELL,129 INTERSTATE 45 S,HUNTSVILLE,TX,77340
TACO BELL,2103 SAM HOUSTON AVE,HUNTSVILLE,TX,77340
TACO BELL,7126 FM 1960 RD E,HUMBLE,TX,77346
TACO BELL,1610 W CHURCH ST,LIVINGSTON,TX,77351
TACO BELL,32902 FM 2978 RD,MAGNOLIA,TX,77354
TACO BELL,15255 HIGHWAY 105 W,MONTGOMERY,TX,77356
TACO BELL,24891 FM 1314 RD,PORTER,TX,77365
TACO BELL,19400 INTERSTATE 45,SPRING,TX,77373
TACO BELL,27550 STATE HIGHWAY 249,TOMBALL,TX,77375
TACO BELL,803 W MONTGOMERY ST,WILLIS,TX,77378
TACO BELL,21115 KUYKENDAHL RD,SPRING,TX,77379
TACO BELL,7139 LOUETTA RD,SPRING,TX,77379
TACO BELL,8919 SPRING CYPRESS RD,SPRING,TX,77379
TACO BELL,650 SAWDUST RD,SPRING,TX,77380
TACO BELL,9945 SIX PINES DR,SPRING,TX,77380
TACO BELL,4490 PANTHER CREEK PNE,SPRING,TX,77381
TACO BELL,3103 COLLEGE PARK DR,CONROE,TX,77384
TACO BELL,2681 RAYFORD RD,SPRING,TX,77386
TACO BELL,9639 N SAM HOUSTON PKWY E,HUMBLE,TX,77396
TACO BELL,5630 W GRAND PKWY S,RICHMOND,TX,77406
TACO BELL,17525 SPRING CYPRESS RD,CYPRESS,TX,77429
TACO BELL,2014 N MECHANIC ST,EL CAMPO,TX,77437
TACO BELL,601 S MASON RD,KATY,TX,77450
TACO BELL,5511 HIGHWAY 6,MISSOURI CITY,TX,77459
TACO BELL,5511 SH 6,MISSOURI CITY,TX,77459
TACO BELL,3802 FM 762 RD,RICHMOND,TX,77469
TACO BELL,3408 1ST ST,ROSENBERG,TX,77471
TACO BELL,12560 SOUTHWEST FWY,STAFFORD,TX,77477
TACO BELL,3453 HIGHWAY 6,SUGAR LAND,TX,77478
TACO BELL,8250 HIGHWAY 90A,SUGAR LAND,TX,77478
TACO BELL,16535 SOUTHWEST FWY,SUGAR LAND,TX,77479
TACO BELL,23557 WESTHEIMER PKWY,KATY,TX,77494
TACO BELL,25109 MARKET PLACE DR,KATY,TX,77494
TACO BELL,11719 S HIGHWAY 6,SUGAR LAND,TX,77498
TACO BELL,302 SOUTHMORE AVE,PASADENA,TX,77502
TACO BELL,3816 RED BLUFF RD,PASADENA,TX,77503
TACO BELL,3202 SPENCER HWY,PASADENA,TX,77504
TACO BELL,4860 FAIRMONT PKWY,PASADENA,TX,77505
TACO BELL,120 PASADENA BLVD,PASADENA,TX,77506
TACO BELL,1600 S BYPASS 35,ALVIN,TX,77511
TACO BELL,HWY 288 & CANNAN,ANGLETON,TX,77515
TACO BELL,6800 GARTH RD,BAYTOWN,TX,77521
TACO BELL,3520 GARTH RD,BAYTOWN,TX,77521
TACO BELL,475 SHELDON RD # 2413,CHANNELVIEW,TX,77530
TACO BELL,8302 HIGHWAY 146,DAYTON,TX,77535
TACO BELL,9047 SPENCER HWY,DEER PARK,TX,77536
TACO BELL,3421 CENTER ST,DEER PARK,TX,77536
TACO BELL,104 FM 517 RD W,DICKINSON,TX,77539
TACO BELL,14 BAYBROOK MALL,FRIENDSWOOD,TX,77546
TACO BELL,1310 BROADWAY ST,FRIENDSWOOD,TX,77546
TACO BELL,209 E PARKWOOD AVE,FRIENDSWOOD,TX,77546
TACO BELL,5701 BROADWAY ST,GALVESTON,TX,77551
TACO BELL,207 HIGHWAY 332 W,LAKE JACKSON,TX,77566
TACO BELL,1502 W FAIRMONT PKWY,LA PORTE,TX,77571
TACO BELL,1755 W MAIN ST,LEAGUE CITY,TX,77573
TACO BELL,1830 HIGHWAY 90,LIBERTY,TX,77575
TACO BELL,2110 N MAIN ST,PEARLAND,TX,77581
TACO BELL,11623 SHADOW CREEK PKWY,PEARLAND,TX,77584
TACO BELL,2018 BAYPORT BLVD,SEABROOK,TX,77586
TACO BELL,3531 PALMER HWY,TEXAS CITY,TX,77590
TACO BELL,18327 GULF FWY,WEBSTER,TX,77598
TACO BELL,835 TEXAS AVE,BRIDGE CITY,TX,77611
TACO BELL,4630 TWIN CITY HWY,GROVES,TX,77619
TACO BELL,2816 HIGHWAY 365,NEDERLAND,TX,77627
TACO BELL,2929 N 16TH ST,ORANGE,TX,77630
TACO BELL,239 S MAIN ST,LUMBERTON,TX,77657
TACO BELL,455 N MAIN ST,VIDOR,TX,77662
TACO BELL,14490 FM 1663,WINNIE,TX,77665
TACO BELL,3725 COLLEGE ST,BEAUMONT,TX,77701
TACO BELL,6365 PHELAN BLVD,BEAUMONT,TX,77706
TACO BELL,6105 EASTEX FWY,BEAUMONT,TX,77706
TACO BELL,3501 E 29TH ST,BRYAN,TX,77802
TACO BELL,920 S TEXAS AVE,BRYAN,TX,77803
TACO BELL,2607 HIGHWAY 36 S,BRENHAM,TX,77833
TACO BELL,731 UNIVERSITY DR,COLLEGE STATION,TX,77840
TACO BELL,310 HARVEY RD,COLLEGE STATION,TX,77840
TACO BELL,911 WILLIAM D FITCH PKWY,COLLEGE STATION,TX,77845
TACO BELL,2806 E MAIN ST,MADISONVILLE,TX,77864
TACO BELL,1602 N NAVARRO ST,VICTORIA,TX,77901
TACO BELL,7902 N NAVARRO ST,VICTORIA,TX,77904
TACO BELL,12360 LESLIE RD,HELOTES,TX,78023
TACO BELL,2306 E SAUNDERS ST,LAREDO,TX,78041
TACO BELL,4309 SAN BERNARDO AVE,LAREDO,TX,78041
TACO BELL,1074 S WALNUT AVE,NEW BRAUNFELS,TX,78130
TACO BELL,249 LOOP 337,NEW BRAUNFELS,TX,78130
TACO BELL,1838 W STATE HIGHWAY 46,NEW BRAUNFELS,TX,78132
TACO BELL,1494 E COURT ST,SEGUIN,TX,78155
TACO BELL,7009 SAN PEDRO AVE,SAN ANTONIO,TX,78216
TACO BELL,8727 PERRIN BEITEL RD,SAN ANTONIO,TX,78217
TACO BELL,1859 W COUNTY ROAD 419,OVIEDO,FL,32765
TACO BELL,13160 ATLANTIC BLVD,JACKSONVILLE,FL,32225
TACO BELL,1506 W TENNESSEE ST,TALLAHASSEE,FL,32304
TACO BELL,4200 W TENNESSEE ST,TALLAHASSEE,FL,32304
TACO BELL,3839 CAPITAL CIR NE,TALLAHASSEE,FL,32309
TACO BELL,4689 HIGHWAY 90,MARIANNA,FL,32446
TACO BELL,17060 US HIGHWAY 441,MT DORA,FL,32757
TACO BELL,140 POINCIANA BLVD,MIRAMAR BEACH,FL,32550
TACO BELL,3860 HIGHWAY 90,MILTON,FL,32571
TACO BELL,2224 NW 13TH ST,GAINESVILLE,FL,32609
TACO BELL,6004 14TH ST W,BRADENTON,FL,34207
TACO BELL,4855 BABCOCK ST NE,PALM BAY,FL,32905
TACO BELL,3645 N ATLANTIC AVE,COCOA BEACH,FL,32931
TACO BELL,2474 S ORANGE AVE,ORLANDO,FL,32806
TACO BELL,7601 S ORANGE BLOSSOM TRL,ORLANDO,FL,32809
TACO BELL,8001 S ORANGE BLOSSOM TRL #952,ORLANDO,FL,32809
TACO BELL,1500 MCCOY RD,ORLANDO,FL,32809
TACO BELL,7120 W MCNAB RD,NORTH LAUDERDALE,FL,33068
TACO BELL,17950 NW 27TH AVE,MIAMI GARDENS,FL,33056
TACO BELL,3595 BISCAYNE BLVD,MIAMI,FL,33137
TACO BELL,640 NE 125TH ST,NORTH MIAMI,FL,33161
TACO BELL,1650 NE 163RD ST,NORTH MIAMI BCH,FL,33162
TACO BELL,2451 N UNIVERSITY DR,SUNRISE,FL,33322
TACO BELL,1425 N PARK DR,WESTON,FL,33326
TACO BELL,3330 S CONGRESS AVE,PALM SPRINGS,FL,33461
TACO BELL,9016 S US HIGHWAY 1,PORT ST LUCIE,FL,34952
TACO BELL,8993 DANI DR,FORT MYERS,FL,33966
TACO BELL,3431 CLEVELAND AVE,FORT MYERS,FL,33901
TACO BELL,11 HANCOCK BRIDGE PKWY W,CAPE CORAL,FL,33991
TACO BELL,6753 N CHURCH AVE,MULBERRY,FL,33860
TACO BELL,1901 S MCCALL RD,ENGLEWOOD,FL,34223
TACO BELL,6310 53RD AVE E,BRADENTON,FL,34203
TACO BELL,3498 US HIGHWAY 441 S,OKEECHOBEE,FL,34974
TACO BELL,4224 W COLONIAL DR,WINTER GARDEN,FL,34787
TACO BELL,1215 S 6TH ST,MACCLENNY,FL,32063
TACO BELL,2025 N YOUNG BLVD,CHIEFLAND,FL,32626
TACO BELL,50 WILLIAMSON BLVD,ORMOND BEACH,FL,32174
TACO BELL,361 W GRANADA BLVD,ORMOND BEACH,FL,32174
TACO BELL,5151 UNIVERSITY BLVD W,JACKSONVILLE,FL,32216
TACO BELL,18407 S DIXIE HWY,CUTLER BAY,FL,33157
TACO BELL,16581 FISHHAWK BLVD,LITHIA,FL,33547
TACO BELL,4599 PARK BLVD N,PINELLAS PARK,FL,33781
TACO BELL,4460 S US HIGHWAY 17/92,CASSELBERRY,FL,32707
TACO BELL,690 S ORLANDO AVE,WINTER PARK,FL,32789
TACO BELL,8200 VINELAND AVE # 1202,ORLANDO,FL,32821
TACO BELL,298 N UNIVERSITY DR,PEMBROKE PINES,FL,33024
TACO BELL,6835 TAFT ST,HOLLYWOOD,FL,33024
TACO BELL,11257 PINES BLVD,PEMBROKE PINES,FL,33026
TACO BELL,987 N HOMESTEAD BLVD,HOMESTEAD,FL,33030
TACO BELL,3855 NW 27TH AVE,MIAMI,FL,33142
TACO BELL,8699 CORAL WAY,MIAMI,FL,33155
TACO BELL,3800 NORTHLAKE BLVD,PALM BEACH GDNS,FL,33403
TACO BELL,7625 W COMMERCIAL BLVD,SUNRISE,FL,33351
TACO BELL,1830 S FEDERAL HWY,FORT LAUDERDALE,FL,33316
TACO BELL,1361 W PALMETTO PARK RD,BOCA RATON,FL,33486
TACO BELL,6380 HYPOLUXO RD,LAKE WORTH,FL,33463
TACO BELL,3450 SE FEDERAL HWY,STUART,FL,34997
TACO BELL,11007 N DALE MABRY HWY,TAMPA,FL,33618
TACO BELL,7620 W HILLSBOROUGH AVE,TAMPA,FL,33615
TACO BELL,14041 N CLEVELAND AVE,FORT MYERS,FL,33903
TACO BELL,1799 3RD ST SW,WINTER HAVEN,FL,33880
TACO BELL,2380 SW COLLEGE RD,OCALA,FL,34471
TACO BELL,5410 MANATEE AVE W,BRADENTON,FL,34209
TACO BELL,1812 S US HIGHWAY 1,FORT PIERCE,FL,34950
TACO BELL,40976 US HIGHWAY 19 N,TARPON SPRINGS,FL,34689
TACO BELL,5054 NORMANDY BLVD,JACKSONVILLE,FL,32205
TACO BELL,3649 PHILLIPS HWY,JACKSONVILLE,FL,32207
TACO BELL,13710 BEACH BLVD,JACKSONVILLE,FL,32224
TACO BELL,9359 ATLANTIC BLVD,JACKSONVILLE,FL,32225
TACO BELL,12708 FRONT BEACH RD,PANAMA CITY BCH,FL,32407
TACO BELL,7040 W HIGHWAY 98,PANAMA CITY BCH,FL,32407
TACO BELL,2549 S FERDON BLVD,CRESTVIEW,FL,32536
TACO BELL,435 MARY ESTHER BLVD,MARY ESTHER,FL,32569
TACO BELL,6281 HIGHWAY 90,MILTON,FL,32570
TACO BELL,826 W UNIVERSITY AVE,GAINESVILLE,FL,32601
TACO BELL,3408 SW ARCHER RD,GAINESVILLE,FL,32608
TACO BELL,2753 ELKCAM BLVD,DELTONA,FL,32738
TACO BELL,240 LINTON BLVD,DELRAY BEACH,FL,33444
TACO BELL,2700 S ORLANDO DR,SANFORD,FL,32773
TACO BELL,1701 E FOWLER AVE,TAMPA,FL,33612
TACO BELL,2035 W NEW HAVEN AVE,MELBOURNE,FL,32904
TACO BELL,5705 NW 163RD ST,HIALEAH,FL,33014
TACO BELL,410 N COURTENAY PKWY,MERRITT ISLAND,FL,32953
TACO BELL,12575 W SUNRISE BLVD,SUNRISE,FL,33323
TACO BELL,10199 SE US HIGHWAY 441,BELLEVIEW,FL,34420
TACO BELL,7350 SW 117TH AVE,MIAMI,FL,33183
TACO BELL,1060 E VAN FLEET DR,BARTOW,FL,33830
TACO BELL,2201 E STATE ROAD 60,VALRICO,FL,33594
TACO BELL,706 E MLK BLVD,SEFFNER,FL,33584
TACO BELL,22744 STATE ROAD 54,LUTZ,FL,33549
TACO BELL,3886 SUN CITY CENTER BLVD,RUSKIN,FL,33573
TACO BELL,738 E INDIANTOWN RD,JUPITER,FL,33477
TACO BELL,2456 N MCMULLEN BOOTH RD,CLEARWATER,FL,33759
TACO BELL,3401 5TH AVE N,ST PETERSBURG,FL,33713
TACO BELL,2028 66TH ST N,ST PETERSBURG,FL,33710
TACO BELL,7329 W WATERS AVE,TAMPA,FL,33634
TACO BELL,2055 TAMIAMI TRL S,VENICE,FL,34293
TACO BELL,1641 NW SAINT LUCIE WEST BLVD,PORT ST LUCIE,FL,34986
TACO BELL,4951 W IBM HWY,KISSIMMEE,FL,34746
TACO BELL,3601 13TH ST,ST CLOUD,FL,34769
TACO BELL,7331 103RD ST,JACKSONVILLE,FL,32210
TACO BELL,1858 S 8TH ST,FERNANDINA BEACH,FL,32034
TACO BELL,938 BLANDING BLVD,ORANGE PARK,FL,32065
TACO BELL,1820 US HIGHWAY 1 S,ST AUGUSTINE,FL,32084
TACO BELL,2140 W INTERNATL SPEEDWAY BLVD,DAYTONA BEACH,FL,32114
TACO BELL,1700 W INTL SPWY BLVD,DAYTONA BEACH,FL,32114
TACO BELL,740 N NOVA RD,DAYTONA BEACH,FL,32114
TACO BELL,15295 S DIXIE HWY,MIAMI,FL,33157
TACO BELL,2375 S RIDGEWOOD AVE,SOUTH DAYTONA,FL,32119
TACO BELL,5875 NEW KINGS RD,JACKSONVILLE,FL,32209
TACO BELL,11646 SAN JOSE BLVD,JACKSONVILLE,FL,32223
TACO BELL,3604 MAYPORT RD,MAYPORT NAVY,FL,32228
TACO BELL,11270 OLD SAINT AUGUSTINE RD,JACKSONVILLE,FL,32257
TACO BELL,2628 ENTERPRISE RD,ORANGE CITY,FL,32763
TACO BELL,945 BEAL PKWY NW,FORT WALTON BCH,FL,32547
TACO BELL,110 JOHN SIMS PKWY W,NICEVILLE,FL,32578
TACO BELL,7410 W NEWBERRY RD,GAINESVILLE,FL,32605
TACO BELL,451 E ALTAMONTE DR # FS12,ALTAMONTE SPGS,FL,32701
TACO BELL,2721 CLEARLAKE RD,COCOA,FL,32922
TACO BELL,99000 OVERSEAS HWY,KEY LARGO,FL,33037
TACO BELL,1942 STATE ROAD 60 E,LAKE WALES,FL,33853
TACO BELL,2600 ORLANDO WEST DR,ORLANDO,FL,32808
TACO BELL,5400 N ORANGE BLOSSOM TRL,ORLANDO,FL,32810
TACO BELL,711 LEE RD,ORLANDO,FL,32810
TACO BELL,10005 UNIVERSITY BLVD,ORLANDO,FL,32817
TACO BELL,5147 S KIRKMAN RD,ORLANDO,FL,32819
TACO BELL,16880 E COLONIAL DR,ORLANDO,FL,32820
TACO BELL,6065 S GOLDENROD RD,ORLANDO,FL,32822
TACO BELL,2050 S SEMORAN BLVD,ORLANDO,FL,32822
TACO BELL,650 US HIGHWAY 27 N,SEBRING,FL,33870
TACO BELL,7775 BIRD RD,MIAMI,FL,33155
TACO BELL,2466 N STATE ROAD 7,MARGATE,FL,33063
TACO BELL,501 E 49TH ST,HIALEAH,FL,33013
TACO BELL,2690 W 60TH ST,HIALEAH,FL,33016
TACO BELL,2700 W 68TH ST,HIALEAH,FL,33016
TACO BELL,8001 NW 95TH ST,HIALEAH,FL,33016
TACO BELL,6310 S DIXIE HWY,SOUTH MIAMI,FL,33143
TACO BELL,18885 NW 2ND AVE,MIAMI,FL,33169
TACO BELL,593 E OAKLAND PARK BLVD,OAKLAND PARK,FL,33334
TACO BELL,2250 S UNIVERSITY DR,DAVIE,FL,33324
TACO BELL,8221 W BROWARD BLVD,PLANTATION,FL,33324
TACO BELL,3500 W BROWARD BLVD,FORT LAUDERDALE,FL,33312
TACO BELL,641 N 14TH ST,LEESBURG,FL,34748
TACO BELL,6265 LAKE WORTH RD,GREENACRES,FL,33463
TACO BELL,22953 SANDALFOOT PLAZA DR,BOCA RATON,FL,33428
TACO BELL,13709 WALSINGHAM RD,LARGO,FL,33774
TACO BELL,2016 N 50TH ST,TAMPA,FL,33619
TACO BELL,8015 CITRUS PK TWN CTR MALL,TAMPA,FL,33625
TACO BELL,28320 TRAILS EDGE BLVD,BONITA SPRINGS,FL,34134
TACO BELL,4165 US HIGHWAY 98 N,LAKELAND,FL,33809
TACO BELL,616 W MAIN ST,INVERNESS,FL,34450
TACO BELL,430 US HIGHWAY 41 BYP N,VENICE,FL,34285
TACO BELL,855 S TAMIAMI TRL,SARASOTA,FL,34236
TACO BELL,7784 W IRLO BRONSON MEML HWY,KISSIMMEE,FL,34747
TACO BELL,1319 DUNN AVE,JACKSONVILLE,FL,32218
TACO BELL,2411 W US HIGHWAY 90,LAKE CITY,FL,32055
TACO BELL,1408 BEVILLE RD,DAYTONA BEACH,FL,32114
TACO BELL,4495 ROOSEVELT BLVD # 201,JACKSONVILLE,FL,32210
TACO BELL,2005 S HIGHWAY 77,LYNN HAVEN,FL,32444
TACO BELL,2011 AIRPORT BLVD,PENSACOLA,FL,32504
TACO BELL,913 GULF BREEZE PKWY # 17,GULF BREEZE,FL,32561
TACO BELL,122 GULF BREEZE PKWY,GULF BREEZE,FL,32561
TACO BELL,8714 NAVARRE PKWY,NAVARRE,FL,32566
TACO BELL,3352 E SEMORAN BLVD,APOPKA,FL,32703
TACO BELL,307 E MAIN ST,APOPKA,FL,32703
TACO BELL,10201 NARCOOSSEE RD,ORLANDO,FL,32832
TACO BELL,576 S ALAFAYA TRL,ORLANDO,FL,32828
TACO BELL,369 AVALON PARK SOUTH BLVD,ORLANDO,FL,32828
TACO BELL,7853 E COLONIAL DR,ORLANDO,FL,32807
TACO BELL,6611 W COLONIAL DR,ORLANDO,FL,32818
TACO BELL,1969 W C 48,BUSHNELL,FL,33513
TACO BELL,11893 E COLONIAL DR,ORLANDO,FL,32826
TACO BELL,15821 PINES BLVD,PEMBROKE PINES,FL,33027
TACO BELL,6501 OVERSEAS HWY,MARATHON,FL,33050
TACO BELL,599 NE 167TH ST,MIAMI,FL,33162
TACO BELL,7875 W 2ND CT # 8,HIALEAH,FL,33014
TACO BELL,18750 NW 67TH AVE,HIALEAH,FL,33015
TACO BELL,4201 TAMIAMI TRL E,NAPLES,FL,34112
TACO BELL,1329 E OAK ST,ARCADIA,FL,34266
TACO BELL,3190 CORAL WAY,CORAL GABLES,FL,33145
TACO BELL,3750 NW 79TH AVE,DORAL,FL,33166
TACO BELL,7035 SEACREST BLVD,LANTANA,FL,33462
TACO BELL,50 N FEDERAL HWY,DEERFIELD BEACH,FL,33441
TACO BELL,10115 SOUTHERN BLVD,ROYAL PALM BEACH,FL,33411
TACO BELL,9211 4TH ST N,ST PETERSBURG,FL,33702
TACO BELL,2048 W INDIANTOWN RD,JUPITER,FL,33458
TACO BELL,2442 JAMES L REDMAN PKWY,PLANT CITY,FL,33566
TACO BELL,11118 BLOOMINGDALE AVE,RIVERVIEW,FL,33578
TACO BELL,10611 GIBSONTON DR,RIVERVIEW,FL,33578
TACO BELL,5406 BRUCE B DOWNS BLVD,WESLEY CHAPEL,FL,33544
TACO BELL,7313 GALL BLVD,ZEPHYRHILLS,FL,33541
TACO BELL,3605 S FLORIDA AVE,LAKELAND,FL,33803
TACO BELL,813 EAGLE RIDGE DR,LAKE WALES,FL,33859
TACO BELL,8671 ULMERTON RD,LARGO,FL,33771
TACO BELL,5225 E BAY DR,CLEARWATER,FL,33764
TACO BELL,13917 W HILLSBOROUGH AVE,TAMPA,FL,33635
TACO BELL,17402 DONA MICHELLE DR,TAMPA,FL,33647
TACO BELL,13545 SW 17TH CT,OCALA,FL,34473
TACO BELL,3325 NW PINE AVE,OCALA,FL,34475
TACO BELL,6804 US HIGHWAY 129,LIVE OAK,FL,32060
TACO BELL,54 BLANDING BLVD,ORANGE PARK,FL,32073
TACO BELL,808 S WALNUT ST,STARKE,FL,32091
TACO BELL,570 EAST AVE,PENSACOLA,FL,32506
TACO BELL,1020 PALM COAST PKWY NW,PALM COAST,FL,32137
TACO BELL,5905 MERRILL RD,JACKSONVILLE,FL,32277
TACO BELL,3209 N MONROE ST,TALLAHASSEE,FL,32303
TACO BELL,434 S TYNDALL PKWY,PANAMA CITY,FL,32404
TACO BELL,4020 W 23RD ST,PANAMA CITY,FL,32405
TACO BELL,301 E NINE MILE RD,PENSACOLA,FL,32514
TACO BELL,8080 N DAVIS HWY,PENSACOLA,FL,32514
TACO BELL,65 EGLIN PKWY NE,FORT WALTON BCH,FL,32548
TACO BELL,4225 E COLONIAL DR,ORLANDO,FL,32803
TACO BELL,16091 NW US HIGHWAY 441,ALACHUA,FL,32615
TACO BELL,1200 WP BALL BLVD,SANFORD,FL,32771
TACO BELL,1501 N WOODLAND BLVD,DELAND,FL,32720
TACO BELL,1201 S WOODLAND BLVD,DELAND,FL,32720
TACO BELL,5503 S SEMORAN BLVD,ORLANDO,FL,32822
TACO BELL,1710 TAMIAMI TRL,PORT CHARLOTTE,FL,33948
TACO BELL,1809 US HIGHWAY 1,SEBASTIAN,FL,32958
TACO BELL,1004 HIGHWAY A1A,SATELLITE BEACH,FL,32937
TACO BELL,4870 NW 183RD ST,MIAMI GARDENS,FL,33055
TACO BELL,357 W ATLANTIC BLVD,POMPANO BEACH,FL,33060
TACO BELL,1717 NE 36TH ST,POMPANO BEACH,FL,33064
TACO BELL,5811 BEE RIDGE RD,SARASOTA,FL,34233
TACO BELL,9430 DANIELS PKWY,FORT MYERS,FL,33912
TACO BELL,10580 SW 8TH ST,MIAMI,FL,33174
TACO BELL,3970 W OAKLAND PARK BLVD,LAUDERDALE LAKES,FL,33311
TACO BELL,4385 45TH ST,WEST PALM BEACH,FL,33407
TACO BELL,836 BELVEDERE RD # 1,WEST PALM BEACH,FL,33405
TACO BELL,2101 W BAKER ST,PLANT CITY,FL,33563
TACO BELL,3550 ULMERTON RD,CLEARWATER,FL,33762
TACO BELL,5210 34TH ST S,ST PETERSBURG,FL,33711
TACO BELL,1810 E HIGHWAY 50,CLERMONT,FL,34711
TACO BELL,14912 TAMIAMI TRL,NORTH PORT,FL,34287
TACO BELL,2714 LEE BLVD,LEHIGH ACRES,FL,33971
TACO BELL,4860 PALM BEACH BLVD,FORT MYERS,FL,33905
TACO BELL,32899 US HIGHWAY 19 N,PALM HARBOR,FL,34684
TACO BELL,849 S BROAD ST,BROOKSVILLE,FL,34601
TACO BELL,7610 SE MARICAMP RD,OCALA,FL,34472
TACO BELL,2453 STATE ROAD 16,ST AUGUSTINE,FL,32092
TACO BELL,1985 41ST AVE,VERO BEACH,FL,32960
TACO BELL,3450 WEDGEWOOD LN,THE VILLAGES,FL,32162
TACO BELL,10400 PHILIPS HWY,JACKSONVILLE,FL,32256
TACO BELL,8331 BAYMEADOWS RD,JACKSONVILLE,FL,32256
TACO BELL,2806 S MONROE ST,TALLAHASSEE,FL,32301
TACO BELL,3537 APALACHEE PKWY,TALLAHASSEE,FL,32311
TACO BELL,3529 APALACHEE PKWY,TALLAHASSEE,FL,32311
TACO BELL,509 HARBOR BLVD,DESTIN,FL,32541
TACO BELL,5510 MOBILE HWY,PENSACOLA,FL,32526
TACO BELL,254 TOWNE CENTER CIR,SANFORD,FL,32771
TACO BELL,50 N LEE ST,LABELLE,FL,33935
TACO BELL,11585 QUAIL ROOST DR,MIAMI,FL,33157
TACO BELL,5109 INTERNATIONAL DR,ORLANDO,FL,32819
TACO BELL,495 W STATE ROAD 436,ALTAMONTE SPGS,FL,32714
TACO BELL,2403 S HIAWASSEE RD,ORLANDO,FL,32835
TACO BELL,12555 STATE ROAD 535,ORLANDO,FL,32836
TACO BELL,630 NE 79TH ST,MIAMI,FL,33138
TACO BELL,2424 N WICKHAM RD,MELBOURNE,FL,32935
TACO BELL,188 BARTON BLVD,ROCKLEDGE,FL,32955
TACO BELL,631 BARNES BLVD,ROCKLEDGE,FL,32955
TACO BELL,1075 W 49TH ST,HIALEAH,FL,33012
TACO BELL,2935 MCDONALD ST,COCONUT GROVE,FL,33133
TACO BELL,13550 SW 152ND ST,MIAMI,FL,33177
TACO BELL,9854 S MILITARY TRL,BOYNTON BEACH,FL,33436
TACO BELL,12851 S CLEVELAND AVE,FORT MYERS,FL,33907
TACO BELL,2031 E BEARSS AVE,TAMPA,FL,33613
TACO BELL,6862 OKEECHOBEE BLVD,WEST PALM BEACH,FL,33411
TACO BELL,3802 S DALE MABRY HWY,TAMPA,FL,33611
TACO BELL,4647 W KENNEDY BLVD,TAMPA,FL,33609
TACO BELL,12816 US HIGHWAY 301,DADE CITY,FL,33525
TACO BELL,401 US HIGHWAY 27 N,AVON PARK,FL,33825
TACO BELL,1855 E MEMORIAL BLVD,LAKELAND,FL,33801
TACO BELL,1824 GULF TO BAY BLVD,CLEARWATER,FL,33765
TACO BELL,3600 4TH ST N,ST PETERSBURG,FL,33704
TACO BELL,1840 SW GATLIN BLVD,PORT ST LUCIE,FL,34953
TACO BELL,5557 FRUITVILLE RD,SARASOTA,FL,34232
TACO BELL,3510 CLARK RD,SARASOTA,FL,34231
TACO BELL,3710 CORTEZ RD W,BRADENTON,FL,34210
TACO BELL,1616 DEL PRADO BLVD N,CAPE CORAL,FL,33909
TACO BELL,1800 MAIN ST,DUNEDIN,FL,34698
TACO BELL,526 US HIGHWAY 27,CLERMONT,FL,34714
TACO BELL,9442 STATE ROAD 52,HUDSON,FL,34669
TACO BELL,9211 US HIGHWAY 19,PORT RICHEY,FL,34668
TACO BELL,2220 COMMERCIAL WAY,SPRING HILL,FL,34606
TACO BELL,11140 SPRING HILL DR,SPRING HILL,FL,34609
TACO BELL,13390 CORTEZ BLVD,BROOKSVILLE,FL,34613
TACO BELL,300 N PARK RD,HOLLYWOOD,FL,33021
TACO BELL,1860 STATE ROAD 44,NEW SMYRNA BEACH,FL,32168
TACO BELL,3306 CRILL AVE,PALATKA,FL,32177
TACO BELL,7637 LEM TURNER RD,JACKSONVILLE,FL,32208
TACO BELL,600 AIRPORT CENTER DR,JACKSONVILLE,FL,32218
TACO BELL,11228 BEACH BLVD,JACKSONVILLE,FL,32246
TACO BELL,280 3RD ST S,JACKSONVILLE BCH,FL,32250
TACO BELL,17120 PANAMA CITY BEACH PKWY,PANAMA CITY BCH,FL,32413
TACO BELL,1345 TUSKAWILLA RD,WINTER SPRINGS,FL,32708
TACO BELL,3755 W LAKE MARY BLVD,LAKE MARY,FL,32746
TACO BELL,230 W MITCHELL HAMMOCK RD,OVIEDO,FL,32765
TACO BELL,2700 STIRLING RD,HOLLYWOOD,FL,33020
TACO BELL,2004 S WASHINGTON AVE,TITUSVILLE,FL,32780
TACO BELL,3343 COLUMBIA BLVD,TITUSVILLE,FL,32780
TACO BELL,101 S SEMORAN BLVD,WINTER PARK,FL,32792
TACO BELL,5318 E FOWLER AVE,TEMPLE TERRACE,FL,33617
TACO BELL,240 UNION BLVD,DELRAY BEACH,FL,33483
TACO BELL,12151 S ORANGE BLOSSOM TRL,ORLANDO,FL,32837
TACO BELL,1120 MALABAR RD SE,PALM BAY,FL,32907
TACO BELL,16020 MAPLEDALE DR,TAMPA,FL,33624
TACO BELL,785 E 9TH ST,HIALEAH,FL,33010
TACO BELL,900 N UNIVERSITY DR,CORAL SPRINGS,FL,33071
TACO BELL,710 NW 37TH AVE,MIAMI,FL,33125
TACO BELL,6740 SW 8TH ST,MIAMI,FL,33144
TACO BELL,15201 SW 104TH ST,MIAMI,FL,33196
TACO BELL,13720 SW 8TH ST,MIAMI,FL,33184
TACO BELL,1350 NW 87TH AVE,DORAL,FL,33172
TACO BELL,10725 NW 41ST ST,DORAL,FL,33178
TACO BELL,3652 W HILLSBORO BLVD,DEERFIELD BEACH,FL,33442
TACO BELL,865 S MAIN ST,BELLE GLADE,FL,33430
TACO BELL,10749 PARK BLVD,SEMINOLE,FL,33772
TACO BELL,2801 S STATE ROAD 7,WELLINGTON,FL,33414
TACO BELL,801 N CONGRESS AVE # 685,BOYNTON BEACH,FL,33426
TACO BELL,4331 OKEECHOBEE BLVD,WEST PALM BEACH,FL,33409
TACO BELL,4466 FOREST HILL BLVD,WEST PALM BEACH,FL,33406
TACO BELL,904 E BLOOMINGDALE AVE,BRANDON,FL,33511
TACO BELL,11315 CAUSEWAY BLVD,BRANDON,FL,33511
TACO BELL,2345 US HIGHWAY 92 W,AUBURNDALE,FL,33823
TACO BELL,465 HAVENDALE BLVD,AUBURNDALE,FL,33823
TACO BELL,35995 HWY 27,HAINES CITY,FL,33844
TACO BELL,640 10TH ST E,PALMETTO,FL,34221
TACO BELL,2424 PINE RIDGE RD,NAPLES,FL,34109
TACO BELL,8835 DAVIS BLVD,NAPLES,FL,34104
TACO BELL,3501 W SILVER SPRINGS BLVD,OCALA,FL,34475
TACO BELL,11290 SUMMERLIN SQUARE DR,FORT MYERS BEACH,FL,33931
TACO BELL,1709 W VINE ST,KISSIMMEE,FL,34741
TACO BELL,2116 E SILVER SPRINGS BLVD,OCALA,FL,34470
TACO BELL,555 NE US HIGHWAY 19,CRYSTAL RIVER,FL,34429
TACO BELL,8405 LOCKWOOD RIDGE RD,SARASOTA,FL,34243
TACO BELL,2958 NW FEDERAL HWY,JENSEN BEACH,FL,34957
TACO BELL,1910 WELLS RD # VC05,ORANGE PARK,FL,32073
TACO BELL,9200 W 58TH AVE,ARVADA,CO,80002
TACO BELL,8760 WADSWORTH BLVD,ARVADA,CO,80003
TACO BELL,5325 W 80TH AVE,ARVADA,CO,80003
TACO BELL,6390 SHERIDAN BLVD,ARVADA,CO,80003
TACO BELL,12480 W 64TH AVE,ARVADA,CO,80004
TACO BELL,10750 E COLFAX AVE,AURORA,CO,80010
TACO BELL,14551 E COLFAX AVE,AURORA,CO,80011
TACO BELL,15160 E MISSISSIPPI AVE,AURORA,CO,80012
TACO BELL,14200 E ALAMEDA AVE # 2070,AURORA,CO,80012
TACO BELL,1607 S HAVANA ST,AURORA,CO,80012
TACO BELL,16931 E ILIFF AVE,AURORA,CO,80013
TACO BELL,3554 S TOWER RD,AURORA,CO,80013
TACO BELL,3259 S PARKER RD,DENVER,CO,80014
TACO BELL,16776 E SMOKY HILL RD,AURORA,CO,80015
TACO BELL,6350 S PARKER RD,AURORA,CO,80016
TACO BELL,1220 E 1ST AVE,BROOMFIELD,CO,80020
TACO BELL,136TH & ZUNI,BROOMFIELD,CO,80020
TACO BELL,550 ALTER ST,BROOMFIELD,CO,80020
TACO BELL,8471 CHURCH RANCH BLVD,BROOMFIELD,CO,80021
TACO BELL,4901 E 60TH AVE,COMMERCE CITY,CO,80022
TACO BELL,450 W SOUTH BOULDER RD,LAFAYETTE,CO,80026
TACO BELL,4795 KIPLING ST,WHEAT RIDGE,CO,80033
TACO BELL,217 METZLER DR,CASTLE ROCK,CO,80108
TACO BELL,7530 VILLAGE SQUARE DR # B,CASTLE PINES,CO,80108
TACO BELL,540 W HAMPDEN AVE # 4329,ENGLEWOOD,CO,80110
TACO BELL,8220 S QUEBEC ST,CENTENNIAL,CO,80112
TACO BELL,8695 E ARAPAHOE RD,GREENWOOD VLG,CO,80112
TACO BELL,5572 S BROADWAY,LITTLETON,CO,80121
TACO BELL,7911 S BROADWAY,LITTLETON,CO,80122
TACO BELL,5041 S JELLISON WAY,LITTLETON,CO,80123
TACO BELL,8500 W CRESTLINE AVE # 8,LITTLETON,CO,80123
TACO BELL,2717 W BELLEVIEW AVE,LITTLETON,CO,80123
TACO BELL,8401 PARK MEADOWS CENTER DR,LONE TREE,CO,80124
TACO BELL,9802 S YOSEMITE ST,LONE TREE,CO,80124
TACO BELL,8078 BLAKELAND DR # A,LITTLETON,CO,80125
TACO BELL,3984 RED CEDAR DR,HIGHLANDS RANCH,CO,80126
TACO BELL,11551 W KEN CARYL AVE,LITTLETON,CO,80127
TACO BELL,441 W HIGHWAY 105,MONUMENT,CO,80132
TACO BELL,10832 S PARKER RD,PARKER,CO,80134
TACO BELL,634 16TH ST,DENVER,CO,80202
TACO BELL,900 AURARIA PKWY # 101D,DENVER,CO,80204
TACO BELL,2815 COLORADO BLVD,DENVER,CO,80207
TACO BELL,447 S BROADWAY,DENVER,CO,80209
TACO BELL,2300 S BROADWAY,DENVER,CO,80210
TACO BELL,840 WADSWORTH BLVD,LAKEWOOD,CO,80214
TACO BELL,3050 YOUNGFIELD ST,WHEAT RIDGE,CO,80215
TACO BELL,11701 W COLFAX AVE,LAKEWOOD,CO,80215
TACO BELL,1775 E COLFAX AVE,DENVER,CO,80218
TACO BELL,1998 S FEDERAL BLVD,DENVER,CO,80219
TACO BELL,350 S FEDERAL BLVD,DENVER,CO,80219
TACO BELL,5225 E COLFAX AVE,DENVER,CO,80220
TACO BELL,7221 PECOS ST,DENVER,CO,80221
TACO BELL,2975 W 51ST AVE,DENVER,CO,80221
TACO BELL,6460 E YALE AVE # B,DENVER,CO,80222
TACO BELL,95 RIO GRANDE BLVD,DENVER,CO,80223
TACO BELL,7150 LEETSDALE DR # J,DENVER,CO,80224
TACO BELL,165 S SHERIDAN BLVD,LAKEWOOD,CO,80226
TACO BELL,3110 S SHERIDAN BLVD,DENVER,CO,80227
TACO BELL,2097 S SHERIDAN BLVD,DENVER,CO,80227
TACO BELL,13109 W ALAMEDA PKWY,LAKEWOOD,CO,80228
TACO BELL,8401 WASHINGTON ST,THORNTON,CO,80229
TACO BELL,565 E 70TH AVE # 3W,DENVER,CO,80229
TACO BELL,1505 S KIPLING PKWY,LAKEWOOD,CO,80232
TACO BELL,1298 E 104TH AVE,THORNTON,CO,80233
TACO BELL,3901 E 120TH AVE,THORNTON,CO,80233
TACO BELL,555 W 104TH AVE,NORTHGLENN,CO,80234
TACO BELL,5050 S QUEBEC ST,DENVER,CO,80237
TACO BELL,3800 PEORIA ST,DENVER,CO,80239
TACO BELL,1265 S COLORADO BLVD,DENVER,CO,80246
TACO BELL,18641 GREEN VALLEY RANCH BLVD,DENVER,CO,80249
TACO BELL,3255 28TH ST,BOULDER,CO,80301
TACO BELL,3210 ARAPAHOE AVE,BOULDER,CO,80303
TACO BELL,2450 BASELINE RD,BOULDER,CO,80305
TACO BELL,17764 S GOLDEN RD,GOLDEN,CO,80401
TACO BELL,30850 STAGECOACH BLVD,EVERGREEN,CO,80439
TACO BELL,501 ZEREX ST,FRASER,CO,80442
TACO BELL,865 N SUMMIT BLVD,FRISCO,CO,80443
TACO BELL,625 SNAP DRAGON WAY,STEAMBOAT SPGS,CO,80487
TACO BELL,2220 MAIN ST,LONGMONT,CO,80501
TACO BELL,2010 KEN PRATT BLVD,LONGMONT,CO,80501
TACO BELL,1250 S HOVER ST,LONGMONT,CO,80501
TACO BELL,3818 STATE HIGHWAY 119,LONGMONT,CO,80504
TACO BELL,537 BIG THOMPSON AVE,ESTES PARK,CO,80517
TACO BELL,1527 W ELIZABETH ST,FORT COLLINS,CO,80521
TACO BELL,1530 S COLLEGE AVE,FORT COLLINS,CO,80524
TACO BELL,4100 S COLLEGE AVE,FORT COLLINS,CO,80525
TACO BELL,50 TELEP AVE,JOHNSTOWN,CO,80534
TACO BELL,1330 N LINCOLN AVE,LOVELAND,CO,80537
TACO BELL,101 12TH ST,WINDSOR,CO,80550
TACO BELL,920 E BRIDGE ST,BRIGHTON,CO,80601
TACO BELL,2121 PRAIRIE CENTER PKWY,BRIGHTON,CO,80601
TACO BELL,2450 8TH AVE,GREELEY,CO,80631
TACO BELL,4638 CENTERPLACE DR,GREELEY,CO,80634
TACO BELL,3503 W 10TH ST,GREELEY,CO,80634
TACO BELL,204 1/2 MAIN ST,STERLING,CO,80751
TACO BELL,6905 MESA RIDGE PKWY,FOUNTAIN,CO,80817
TACO BELL,6610 CAMDEN BLVD,FOUNTAIN,CO,80817
TACO BELL,500 E MIDLAND AVE,WOODLAND PARK,CO,80863
TACO BELL,405 E PLATTE AVE,COLORADO SPRINGS,CO,80903
TACO BELL,717 N TEJON ST,COLORADO SPRINGS,CO,80903
TACO BELL,3029 W COLORADO AVE,COLORADO SPRINGS,CO,80904
TACO BELL,1507 S NEVADA AVE,COLORADO SPRINGS,CO,80905
TACO BELL,745 CHEYENNE MEADOWS RD,COLORADO SPRINGS,CO,80906
TACO BELL,2935 N HANCOCK AVE,COLORADO SPRINGS,CO,80907
TACO BELL,325 E FILLMORE ST,COLORADO SPRINGS,CO,80907
TACO BELL,502 GARDEN OF THE GODS RD,COLORADO SPRINGS,CO,80907
TACO BELL,390 N UNION BLVD,COLORADO SPRINGS,CO,80909
TACO BELL,1380 N ACADEMY BLVD,COLORADO SPRINGS,CO,80909
TACO BELL,1030 ACADEMY PARK LOOP,COLORADO SPRINGS,CO,80910
TACO BELL,1750 N POWERS BLVD,COLORADO SPRINGS,CO,80915
TACO BELL,5650 N ACADEMY BLVD,COLORADO SPRINGS,CO,80918
TACO BELL,4195 N ACADEMY BLVD,COLORADO SPRINGS,CO,80918
TACO BELL,3436 RESEARCH PKWY,COLORADO SPRINGS,CO,80920
TACO BELL,6425 SOURCE CENTER PT,COLORADO SPRINGS,CO,80923
TACO BELL,703 N SANTA FE AVE,PUEBLO,CO,81003
TACO BELL,301 E ABRIENDO AVE,PUEBLO,CO,81004
TACO BELL,635 W CORONA AVE # 21,PUEBLO,CO,81004
TACO BELL,1200 SOUTHGATE PL,PUEBLO,CO,81004
TACO BELL,1717 S PUEBLO BLVD,PUEBLO,CO,81005
TACO BELL,99 S MCCULLOCH BLVD,PUEBLO,CO,81007
TACO BELL,3333 N ELIZABETH ST,PUEBLO,CO,81008
TACO BELL,457 US HIGHWAY 85 87 # A,WALSENBURG,CO,81089
TACO BELL,2435 MAIN ST,ALAMOSA,CO,81101
TACO BELL,63 N PAGOSA BLVD,PAGOSA SPRINGS,CO,81147
TACO BELL,1112 ROYAL GORGE BLVD,CANON CITY,CO,81212
TACO BELL,310 W TOMICHI AVE,GUNNISON,CO,81230
TACO BELL,2902 MAIN AVE,DURANGO,CO,81301
TACO BELL,1300 E MAIN ST,CORTEZ,CO,81321
TACO BELL,2050 S TOWNSEND AVE,MONTROSE,CO,81401
TACO BELL,674 STAFFORD LN,DELTA,CO,81416
TACO BELL,850 NORTH AVE,GRAND JUNCTION,CO,81501
TACO BELL,2428 HIGHWAY 6 AND 50,GRAND JUNCTION,CO,81505
TACO BELL,736 HORIZON DR,GRAND JUNCTION,CO,81506
TACO BELL,3231 I-70 BUSINESS LOOP # H,CLIFTON,CO,81520
TACO BELL,599 KOKOPELLI BLVD,FRUITA,CO,81521
TACO BELL,2002 GRAND AVE,GLENWOOD SPRINGS,CO,81601
TACO BELL,707 W VICTORY WAY,CRAIG,CO,81625
TACO BELL,18 INTERCHANGE,EAGLE,CO,81631
TACO BELL,721 SMITH ST,RIFLE,CO,81650
TACO BELL,2161 N FRONTAGE RD W # 14,VAIL,CO,81657
TACO BELL,5260 WADSWORTH BYP,ARVADA,CO,80002
TACO BELL,1038 GLENWOOD AVE,ONEIDA,NY,13421
TACO BELL,429 COURT ST,BINGHAMTON,NY,13904
TACO BELL,913 W STATE ST,OLEAN,NY,14760
TACO BELL,3946 HEMPSTEAD TPKE,LEVITTOWN,NY,11756
TACO BELL,174 MEDFORD AVE,PATCHOGUE,NY,11772
TACO BELL,3950 SUNRISE HWY,SEAFORD,NY,11783
TACO BELL,1314 MIDDLE COUNTRY RD,SELDEN,NY,11784
TACO BELL,130 SANFORD FARMS SHOPPING CTR,AMSTERDAM,NY,12010
TACO BELL,30 SANFORD AVE,AMSTERDAM,NY,12010
TACO BELL,1889 BRUCKNER BLVD # 15718,BRONX,NY,10472
TACO BELL,26008 HILLSIDE AVE,GLEN OAKS,NY,11004
TACO BELL,3078 LONG BEACH RD,OCEANSIDE,NY,11572
TACO BELL,120 WASHINGTON AVENUE EXT # 16,ALBANY,NY,12203
TACO BELL,1300 ULSTER AVE # 336,KINGSTON,NY,12401
TACO BELL,3179 ERIE BLVD E,SYRACUSE,NY,13214
TACO BELL,3500 W GENESEE ST,SYRACUSE,NY,13219
TACO BELL,1166 ERIE BLVD W,ROME,NY,13440
TACO BELL,136 N GENESEE ST,UTICA,NY,13502
TACO BELL,26462 HERRICK DR,EVANS MILLS,NY,13637
TACO BELL,4940 TRANSIT RD,DEPEW,NY,14043
TACO BELL,3730 UNION RD,CHEEKTOWAGA,NY,14225
TACO BELL,4258 MAPLE RD,AMHERST,NY,14226
TACO BELL,3130 COUNTY ROAD 10,CANANDAIGUA,NY,14424
TACO BELL,3303 STATE ROUTE 5 AND 20,CANANDAIGUA,NY,14424
TACO BELL,161 MAIDEN LN,NEW YORK,NY,10038
TACO BELL,7979 PITTSFORD VICTOR RD,VICTOR,NY,14564
TACO BELL,270 E FAIRMOUNT AVE,LAKEWOOD,NY,14750
TACO BELL,1920 CENTRAL PARK AVE,YONKERS,NY,10710
TACO BELL,131 S ROUTE 9W,WEST HAVERSTRAW,NY,10993
TACO BELL,6012 NORTHERN BLVD,FLUSHING,NY,11377
TACO BELL,4833 NESCONSET HWY,PORT JEFFRSN STA,NY,11776
TACO BELL,638 S OYSTER BAY RD,HICKSVILLE,NY,11801
TACO BELL,279 S BROADWAY,HICKSVILLE,NY,11801
TACO BELL,1010 CENTRAL AVE,ALBANY,NY,12205
TACO BELL,1425 CENTRAL AVE # FC5,ALBANY,NY,12205
TACO BELL,56 WOLF RD,ALBANY,NY,12205
TACO BELL,1417 ALTAMONT AVE,SCHENECTADY,NY,12303
TACO BELL,420 BALLTOWN RD,SCHENECTADY,NY,12304
TACO BELL,9 RIVER ST,CORTLAND,NY,13045
TACO BELL,2430 STATE ROUTE 414,WATERLOO,NY,13165
TACO BELL,9090 DESTINY USA DR,SYRACUSE,NY,13290
TACO BELL,400 ORISKANY BLVD,YORKVILLE,NY,13495
TACO BELL,220 REYNOLDS RD,JOHNSON CITY,NY,13790
TACO BELL,8160 TRANSIT RD,BUFFALO,NY,14221
TACO BELL,810 CANANDAIGUA RD,GENEVA,NY,14456
TACO BELL,2317 LYELL AVE,ROCHESTER,NY,14606
TACO BELL,600 W RIDGE RD,ROCHESTER,NY,14615
TACO BELL,1151 BROADWAY ST,ELMIRA,NY,14904
TACO BELL,208 MCGUINNESS BLVD,BROOKLYN,NY,11222
TACO BELL,5729 MYRTLE AVE,FLUSHING,NY,11385
TACO BELL,630 OLD COUNTRY RD # 2105,GARDEN CITY,NY,11530
TACO BELL,98 FOREST AVE,GLEN COVE,NY,11542
TACO BELL,325 ROCKAWAY TPKE,LAWRENCE,NY,11559
TACO BELL,490 E MAIN ST,BAY SHORE,NY,11706
TACO BELL,1701 SUNRISE HWY # FC10,BAY SHORE,NY,11706
TACO BELL,811 ROUTE 146,CLIFTON PARK,NY,12065
TACO BELL,350 FAIRVIEW AVE # 150,HUDSON,NY,12534
TACO BELL,2001 SOUTH RD # 180,POUGHKEEPSIE,NY,12601
TACO BELL,60 SMITHFIELD BLVD # 87,PLATTSBURGH,NY,12901
TACO BELL,3414 STATE ROUTE 11,MALONE,NY,12953
TACO BELL,7881 BREWERTON RD,CICERO,NY,13039
TACO BELL,4081 STATE ROUTE 31,CLAY,NY,13041
TACO BELL,8095 OSWEGO RD,LIVERPOOL,NY,13090
TACO BELL,6100 SAINT LAWRENCE CTR,MASSENA,NY,13662
TACO BELL,2507 VESTAL PKWY E,VESTAL,NY,13850
TACO BELL,18 E 14TH ST,NEW YORK,NY,10003
TACO BELL,12 E 125TH ST,NEW YORK,NY,10035
TACO BELL,2157 NINE MILE POINT RD,FAIRPORT,NY,14450
TACO BELL,1351 HORSEHEADS BIG FLATS RD,ELMIRA HEIGHTS,NY,14903
TACO BELL,359 DOWNING DR,YORKTOWN HEIGHTS,NY,10598
TACO BELL,221 DOLSON AVE,MIDDLETOWN,NY,10940
TACO BELL,480 ROUTE 211 E,MIDDLETOWN,NY,10940
TACO BELL,5106 KINGS PLZ,BROOKLYN,NY,11234
TACO BELL,1245 DEER PARK AVE,NORTH BABYLON,NY,11703
TACO BELL,1937 DEER PARK AVE,DEER PARK,NY,11729
TACO BELL,1981 BROADHOLLOW RD,FARMINGDALE,NY,11735
TACO BELL,1 ELM ST,FISHKILL,NY,12524
TACO BELL,168 GRANT AVE,AUBURN,NY,13021
TACO BELL,290 ELWOOD DAVIS RD # 320,LIVERPOOL,NY,13088
TACO BELL,1055 7TH NORTH ST,LIVERPOOL,NY,13088
TACO BELL,5412 STATE HIGHWAY 12,NORWICH,NY,13815
TACO BELL,732 STATE HIGHWAY 28,ONEONTA,NY,13820
TACO BELL,413 W MAIN ST,BATAVIA,NY,14020
TACO BELL,317 S CASCADE DR,SPRINGVILLE,NY,14141
TACO BELL,950 JEFFERSON RD,ROCHESTER,NY,14623
TACO BELL,9015 QUEENS BLVD # FC7,FLUSHING,NY,11373
TACO BELL,12319 LIBERTY AVE,S RICHMOND HILL,NY,11419
TACO BELL,9701 ATLANTIC AVE,WOODHAVEN,NY,11421
TACO BELL,1709 MERRICK RD,MERRICK,NY,11566
TACO BELL,1898 NEW YORK AVE,HUNTINGTON STA,NY,11746
TACO BELL,360 PORTION RD,RONKONKOMA,NY,11779
TACO BELL,773 SMITHTOWN BYP # 2,SMITHTOWN,NY,11787
TACO BELL,185 OLD COUNTRY RD,RIVERHEAD,NY,11901
TACO BELL,1220 OLD COUNTRY RD,RIVERHEAD,NY,11901
TACO BELL,676 NEW LOUDON RD,LATHAM,NY,12110
TACO BELL,1305 ULSTER AVE,KINGSTON,NY,12401
TACO BELL,1118 UNION AVE,NEWBURGH,NY,12550
TACO BELL,755 MAIN ST,POUGHKEEPSIE,NY,12603
TACO BELL,19 SULLIVAN AVE,LIBERTY,NY,12754
TACO BELL,5802 S TRANSIT RD,LOCKPORT,NY,14094
TACO BELL,3175 ORCHARD PARK RD,ORCHARD PARK,NY,14127
TACO BELL,3645 BROADWAY,NEW YORK,NY,10031
TACO BELL,200 E 161ST ST,BRONX,NY,10451
TACO BELL,1731 WEBSTER AVE,BRONX,NY,10457
TACO BELL,563 MIRACLE MILE DR,ROCHESTER,NY,14623
TACO BELL,430 GREECE RIDGE CENTER DR,ROCHESTER,NY,14626
TACO BELL,910 ELMRIDGE CENTER DR,ROCHESTER,NY,14626
TACO BELL,222 ELMIRA RD # 16,ITHACA,NY,14850
TACO BELL,2425 N OCEAN AVE,FARMINGVILLE,NY,11738
TACO BELL,311 MONTAUK HWY,LINDENHURST,NY,11757
TACO BELL,85 SUNRISE HWY,LINDENHURST,NY,11757
TACO BELL,1 JONES BEACH STATE PARK,WANTAGH,NY,11793
TACO BELL,551 WILLIAM FLOYD PKWY,SHIRLEY,NY,11967
TACO BELL,6 KENDALL WAY,BALLSTON SPA,NY,12020
TACO BELL,100 MAIN ST # 222,WHITE PLAINS,NY,10601
TACO BELL,1625 HEMPSTEAD TPKE,ELMONT,NY,11003
TACO BELL,810 BROADWAY,AMITYVILLE,NY,11701
TACO BELL,776 E MAIN ST,COBLESKILL,NY,12043
TACO BELL,21182 SALMON RN LOOP W # 204,WATERTOWN,NY,13601
TACO BELL,945 ARSENAL ST,WATERTOWN,NY,13601
TACO BELL,4721 LAKE RD S,BROCKPORT,NY,14420
TACO BELL,2000 WALDEN AVE # 120,CHEEKTOWAGA,NY,14225
TACO BELL,80 MADISON AVE # 1,NEW YORK,NY,10016
TACO BELL,1922 EMPIRE BLVD,WEBSTER,NY,14580
TACO BELL,329 MAIN ST,NEW ROCHELLE,NY,10801
TACO BELL,1650 JERICHO TPKE,NEW HYDE PARK,NY,11040
TACO BELL,17212 NORTHERN BLVD,FLUSHING,NY,11358
TACO BELL,8301 37TH AVE,FLUSHING,NY,11372
TACO BELL,1634 FRONT ST,EAST MEADOW,NY,11554
TACO BELL,547 MERRICK RD,LYNBROOK,NY,11563
TACO BELL,31 LAMAR ST,WEST BABYLON,NY,11704
TACO BELL,479 SUNRISE MALL,MASSAPEQUA,NY,11758
TACO BELL,1 SUNRISE MALL,MASSAPEQUA,NY,11758
TACO BELL,60 VANDENBURGH AVE,TROY,NY,12180
TACO BELL,357 CORNELIA ST,PLATTSBURGH,NY,12901
TACO BELL,10517 BENNETT RD,DUNKIRK,NY,14048
TACO BELL,245 MEADOW DR,NORTH TONAWANDA,NY,14120
TACO BELL,4200 LAKEVILLE RD,GENESEO,NY,14454
TACO BELL,7300 NIAGARA FALLS BLVD,NIAGARA FALLS,NY,14304
TACO BELL,44 VICTORY BLVD,STATEN ISLAND,NY,10301
TACO BELL,4445 AMBOY RD,STATEN ISLAND,NY,10312
TACO BELL,1149 BROADWAY ST,ELMIRA,NY,14904
TACO BELL,350 SAW MILL RIVER RD,ELMSFORD,NY,10523
TACO BELL,3573 PALISADES CENTER DR,WEST NYACK,NY,10994
TACO BELL,996 HEMPSTEAD TPKE,FRANKLIN SQUARE,NY,11010
TACO BELL,339 HICKS ST,BROOKLYN,NY,11201
TACO BELL,490 PENINSULA BLVD,HEMPSTEAD,NY,11550
TACO BELL,199 CORINTH RD,QUEENSBURY,NY,12804
TACO BELL,740 GLEN ST,QUEENSBURY,NY,12804
TACO BELL,3012 ROUTE 50,SARATOGA SPRINGS,NY,12866
TACO BELL,3716 BREWERTON RD,SYRACUSE,NY,13212
